"","squirrel_id","grid_year","nest","n_pups","scaled_mom_age","scaled_mom_age_squared","scaled_density","year","predator","scaled_julian_date","ARS","return_lat","scaled_lat"
"1",19308,"AG_2016","2",3,0.953883495145631,0.909893722311245,0.813595631,"nonmast","low predator",-0.65132708,0,109,-1.544869681
"2",19308,"AG_2016","1",3,0.953883495145631,0.909893722311245,-0.471029049,"nonmast","low predator",-0.65132708,0,60,-1.904140018
"3",22076,"AG_2016","2",3,-2.04611650485437,4.18659275143746,0.813595631,"nonmast","low predator",-0.934342258,0,NA,NA
"4",12939,"AG_2016","2",2,0.953883495145631,0.909893722311245,1.198983034,"nonmast","low predator",-1.060126782,0,300,-0.144448568
"5",11737,"AG_2016","1",4,2.95388349514563,8.72542770289377,-0.471029049,"nonmast","low predator",-1.248803568,1,NA,NA
"6",19925,"AG_2016","2",3,-1.04611650485437,1.09435974172872,-0.471029049,"nonmast","low predator",-1.406034223,0,263,-0.415734333
"7",19925,"AG_2016","1",3,-1.04611650485437,1.09435974172872,-0.471029049,"nonmast","low predator",-1.406034223,0,300,-0.144448568
"8",20863,"AG_2016","1",3,-1.04611650485437,1.09435974172872,-0.471029049,"nonmast","low predator",-1.531818747,0,300,-0.144448568
"9",12604,"AG_2016","2",1,2.95388349514563,8.72542770289377,2.74053265,"nonmast","low predator",-1.217357437,0,217,-0.753008528
"10",13267,"AG_2016","1",3,0.953883495145631,0.909893722311245,-0.471029049,"nonmast","low predator",-1.500372616,0,NA,NA
"11",19334,"AG_2016","1",3,-0.046116504854369,0.00212673201998304,-0.471029049,"nonmast","low predator",-1.280249699,0,240,-0.58437143
"12",12269,"AG_2016","1",3,0.953883495145631,0.909893722311245,-0.471029049,"nonmast","low predator",-0.65132708,1,NA,NA
"13",11059,"AG_2016","1",1,3.95388349514563,15.633194693185,-0.471029049,"nonmast","low predator",-1.814833925,0,370,0.368794772
"14",21246,"AG_2016","1",2,-1.04611650485437,1.09435974172872,-0.471029049,"nonmast","low predator",-0.777111604,1,NA,NA
"15",19404,"AG_2016","2",1,-0.046116504854369,0.00212673201998304,2.612070182,"nonmast","low predator",-0.871449996,0,345,0.185493579
"16",20231,"AG_2016","1",3,-1.04611650485437,1.09435974172872,-0.471029049,"nonmast","low predator",-0.714219342,0,231,-0.65035986
"17",12837,"AG_2016","2",3,0.953883495145631,0.909893722311245,-0.471029049,"nonmast","low predator",-1.248803568,1,112,-1.522873537
"18",13023,"AG_2016","1",2,1.95388349514563,3.81766071260251,-0.471029049,"nonmast","low predator",-1.437480354,1,NA,NA
"19",13215,"AG_2016","1",3,1.95388349514563,3.81766071260251,-0.471029049,"nonmast","low predator",-1.437480354,1,NA,NA
"20",19353,"AG_2016","1",3,0.953883495145631,0.909893722311245,-0.471029049,"nonmast","low predator",-1.626157139,1,NA,NA
"21",13257,"AG_2016","2",4,0.953883495145631,0.909893722311245,-0.471029049,"nonmast","low predator",-1.783387794,2,NA,NA
"22",13257,"AG_2016","1",4,0.953883495145631,0.909893722311245,-0.471029049,"nonmast","low predator",-1.783387794,2,NA,NA
"23",12731,"AG_2016","2",3,1.95388349514563,3.81766071260251,-0.471029049,"nonmast","low predator",-1.374588092,0,180,-1.024294293
"24",12731,"AG_2016","1",3,1.95388349514563,3.81766071260251,-0.471029049,"nonmast","low predator",-1.374588092,0,420,0.735397158
"25",22076,"AG_2017","1",3,-1.04611650485437,1.09435974172872,-1.125000137,"nonmast","low predator",-0.619880949,1,302,-0.129784472
"26",22630,"AG_2017","1",3,NA,NA,-1.125000137,"nonmast","low predator",-0.714219342,NA,155,-1.207595486
"27",19398,"AG_2017","2",3,0.953883495145631,0.909893722311245,0.68671293,"nonmast","low predator",-0.65132708,0,184,-0.994966102
"28",19398,"AG_2017","1",3,0.953883495145631,0.909893722311245,-1.125000137,"nonmast","low predator",-0.65132708,0,143,-1.295580058
"29",20977,"AG_2017","1",4,-0.046116504854369,0.00212673201998304,0.816121006,"nonmast","low predator",-0.053850591,0,404,0.618084394
"30",20184,"AG_2017","1",3,-0.046116504854369,0.00212673201998304,0.298488701,"nonmast","low predator",-0.148188984,0,402,0.603420299
"31",22005,"AG_2017","2",2,-0.046116504854369,0.00212673201998304,0.557304854,"nonmast","low predator",-0.588434818,0,135,-1.35423644
"32",22005,"AG_2017","1",2,-0.046116504854369,0.00212673201998304,-1.125000137,"nonmast","low predator",-0.588434818,0,157,-1.19293139
"33",20415,"AG_2017","2",3,-0.046116504854369,0.00212673201998304,0.557304854,"nonmast","low predator",-0.399758032,1,355,0.258814057
"34",20182,"AG_2017","1",4,-0.046116504854369,0.00212673201998304,-1.125000137,"nonmast","low predator",-0.808557735,2,173,-1.075618627
"35",20182,"AG_2017","2",4,-1.04611650485437,1.09435974172872,0.816121006,"nonmast","low predator",-0.808557735,2,68,-1.845483637
"36",20225,"AG_2017","2",3,-0.046116504854369,0.00212673201998304,0.557304854,"nonmast","low predator",-0.902896127,1,130,-1.390896679
"37",20225,"AG_2017","1",3,-0.046116504854369,0.00212673201998304,-1.125000137,"nonmast","low predator",-0.902896127,1,69,-1.838151589
"38",12095,"AG_2017","1",1,3.95388349514563,15.633194693185,1.074937158,"nonmast","low predator",-0.179635115,1,62,-1.889475923
"39",22024,"AG_2017","2",3,-1.04611650485437,1.09435974172872,0.427896778,"nonmast","low predator",-0.211081246,0,220,-0.731012385
"40",19311,"AG_2017","2",2,0.953883495145631,0.909893722311245,1.463161387,"nonmast","low predator",-0.242527377,2,340,0.148833341
"41",12939,"AG_2017","2",2,1.95388349514563,3.81766071260251,0.557304854,"nonmast","low predator",-0.588434818,0,10,-2.270742404
"42",12939,"AG_2017","1",3,1.95388349514563,3.81766071260251,0.557304854,"nonmast","low predator",-0.588434818,0,0,-2.344062881
"43",13567,"AG_2017","2",2,1.95388349514563,3.81766071260251,0.68671293,"nonmast","low predator",-0.525542556,1,0,-2.344062881
"44",19275,"AG_2017","1",3,0.953883495145631,0.909893722311245,1.592569464,"nonmast","low predator",0.166272325,0,420,0.735397158
"45",11737,"AG_2017","1",3,3.95388349514563,15.633194693185,-1.125000137,"nonmast","low predator",-1.091572913,1,160,-1.170935247
"46",11737,"AG_2017","2",3,2.95388349514563,8.72542770289377,0.68671293,"nonmast","low predator",-1.091572913,1,95,-1.647518349
"47",13246,"AG_2017","2",3,1.95388349514563,3.81766071260251,-1.125000137,"nonmast","low predator",-1.185911306,2,39,-2.05811302
"48",19926,"AG_2017","2",3,-0.046116504854369,0.00212673201998304,0.68671293,"nonmast","low predator",-0.179635115,3,284,-0.261761331
"49",21153,"AG_2017","1",1,-0.046116504854369,0.00212673201998304,1.074937158,"nonmast","low predator",0.575072028,0,380,0.442115249
"50",20566,"AG_2017","2",3,-0.046116504854369,0.00212673201998304,1.204345234,"nonmast","low predator",-0.588434818,1,106,-1.566865824
"51",20566,"AG_2017","1",3,-0.046116504854369,0.00212673201998304,-1.125000137,"nonmast","low predator",-0.588434818,1,69,-1.838151589
"52",20863,"AG_2017","1",3,-1.04611650485437,1.09435974172872,-1.125000137,"nonmast","low predator",-1.217357437,2,170,-1.09761477
"53",22059,"AG_2017","2",3,-1.04611650485437,1.09435974172872,1.333753311,"nonmast","low predator",-0.399758032,1,141,-1.310244154
"54",12605,"AG_2017","1",2,3.95388349514563,15.633194693185,-1.125000137,"nonmast","low predator",-0.777111604,1,402,0.603420299
"55",19570,"AG_2017","2",2,0.953883495145631,0.909893722311245,1.204345234,"nonmast","low predator",-0.399758032,0,34,-2.094773259
"56",21128,"AG_2017","1",2,-0.046116504854369,0.00212673201998304,0.816121006,"nonmast","low predator",0.00904167,1,300,-0.144448568
"57",19334,"AG_2017","2",3,0.953883495145631,0.909893722311245,1.074937158,"nonmast","low predator",-1.123019044,2,130,-1.390896679
"58",19334,"AG_2017","1",4,0.953883495145631,0.909893722311245,-1.125000137,"nonmast","low predator",-1.123019044,2,193,-0.928977673
"59",20138,"AG_2017","1",3,-0.046116504854369,0.00212673201998304,-1.125000137,"nonmast","low predator",-0.399758032,1,289,-0.225101092
"60",13140,"AG_2017","2",3,1.95388349514563,3.81766071260251,0.945529082,"nonmast","low predator",-0.242527377,1,153,-1.222259581
"61",13140,"AG_2017","1",3,1.95388349514563,3.81766071260251,0.945529082,"nonmast","low predator",-0.242527377,1,27,-2.146097593
"62",13579,"AG_2017","2",1,1.95388349514563,3.81766071260251,0.816121006,"nonmast","low predator",-0.368311901,0,170,-1.09761477
"63",13579,"AG_2017","1",1,1.95388349514563,3.81766071260251,0.816121006,"nonmast","low predator",-0.368311901,0,30,-2.12410145
"64",19988,"AG_2017","1",3,0.953883495145631,0.909893722311245,0.816121006,"nonmast","low predator",-0.273973508,0,0,-2.344062881
"65",20387,"AG_2017","2",2,-0.046116504854369,0.00212673201998304,1.074937158,"nonmast","low predator",-0.902896127,1,183,-1.00229815
"66",20387,"AG_2017","1",2,-0.046116504854369,0.00212673201998304,-1.125000137,"nonmast","low predator",-0.902896127,1,360,0.295474295
"67",20385,"AG_2017","1",3,-0.046116504854369,0.00212673201998304,1.204345234,"nonmast","low predator",0.040487801,0,145,-1.280915963
"68",20475,"AG_2017","1",3,-0.046116504854369,0.00212673201998304,1.204345234,"nonmast","low predator",0.103380063,0,346,0.192825627
"69",21246,"AG_2017","1",2,-0.046116504854369,0.00212673201998304,-1.125000137,"nonmast","low predator",-0.65132708,2,23,-2.175425784
"70",22018,"AG_2017","1",3,-1.04611650485437,1.09435974172872,-1.125000137,"nonmast","low predator",-1.060126782,2,70,-1.830819541
"71",20014,"AG_2017","2",3,-0.046116504854369,0.00212673201998304,-1.125000137,"nonmast","low predator",-1.217357437,2,261,-0.430398428
"72",20014,"AG_2017","1",3,-0.046116504854369,0.00212673201998304,-1.125000137,"nonmast","low predator",-1.217357437,2,420,0.735397158
"73",20474,"AG_2017","2",4,-0.046116504854369,0.00212673201998304,1.074937158,"nonmast","low predator",-0.368311901,0,274,-0.335081808
"74",20474,"AG_2017","1",4,-0.046116504854369,0.00212673201998304,-1.125000137,"nonmast","low predator",-0.368311901,0,157,-1.19293139
"75",20630,"AG_2017","2",3,-0.046116504854369,0.00212673201998304,0.816121006,"nonmast","low predator",-0.65132708,1,212,-0.789668766
"76",20630,"AG_2017","1",3,-0.046116504854369,0.00212673201998304,-1.125000137,"nonmast","low predator",-0.65132708,1,333,0.097509007
"77",22519,"AG_2017","2",3,-1.04611650485437,1.09435974172872,0.427896778,"nonmast","low predator",-0.745665473,0,165,-1.134275009
"78",22519,"AG_2017","1",3,-1.04611650485437,1.09435974172872,-1.125000137,"nonmast","low predator",-0.745665473,0,345,0.185493579
"79",20967,"AG_2017","2",3,-0.046116504854369,0.00212673201998304,0.039672549,"nonmast","low predator",-0.65132708,0,114,-1.508209442
"80",20967,"AG_2017","1",4,-0.046116504854369,0.00212673201998304,-1.125000137,"nonmast","low predator",-0.65132708,0,300,-0.144448568
"81",22200,"AG_2017","1",2,-2.04611650485437,4.18659275143746,1.074937158,"nonmast","low predator",-0.053850591,0,150,-1.244255724
"82",20231,"AG_2017","2",4,-0.046116504854369,0.00212673201998304,1.074937158,"nonmast","low predator",-0.305419639,0,210,-0.804332862
"83",20231,"AG_2017","1",4,-0.046116504854369,0.00212673201998304,1.074937158,"nonmast","low predator",-0.305419639,0,140,-1.317576202
"84",20163,"AG_2017","1",3,-0.046116504854369,0.00212673201998304,-1.125000137,"nonmast","low predator",-0.619880949,0,108,-1.552201728
"85",13023,"AG_2017","1",4,1.95388349514563,3.81766071260251,-1.125000137,"nonmast","low predator",-0.965788389,3,240,-0.58437143
"86",19321,"AG_2017","2",3,0.953883495145631,0.909893722311245,-1.125000137,"nonmast","low predator",-1.531818747,0,360,0.295474295
"87",21354,"AG_2017","1",4,-0.046116504854369,0.00212673201998304,-1.125000137,"nonmast","low predator",-1.185911306,0,250,-0.511050953
"88",22087,"AG_2017","2",3,-2.04611650485437,4.18659275143746,0.298488701,"nonmast","low predator",-0.462650294,0,139,-1.324908249
"89",22087,"AG_2017","1",3,-2.04611650485437,4.18659275143746,-1.125000137,"nonmast","low predator",-0.462650294,0,139,-1.324908249
"90",20005,"AG_2017","2",4,-0.046116504854369,0.00212673201998304,0.945529082,"nonmast","low predator",-0.273973508,0,162,-1.156271152
"91",20005,"AG_2017","1",4,-0.046116504854369,0.00212673201998304,0.945529082,"nonmast","low predator",-0.273973508,0,394,0.544763917
"92",22002,"AG_2017","2",3,-0.046116504854369,0.00212673201998304,-0.089735527,"nonmast","low predator",-0.777111604,0,282,-0.276425426
"93",21783,"AG_2017","2",3,-1.04611650485437,1.09435974172872,-1.125000137,"nonmast","low predator",-1.248803568,0,175,-1.060954532
"94",21783,"AG_2017","1",3,-1.04611650485437,1.09435974172872,-1.125000137,"nonmast","low predator",-1.248803568,0,184,-0.994966102
"95",22007,"AG_2017","2",4,-0.046116504854369,0.00212673201998304,0.298488701,"nonmast","low predator",-0.242527377,0,230,-0.657691907
"96",22007,"AG_2017","1",4,-0.046116504854369,0.00212673201998304,0.298488701,"nonmast","low predator",-0.242527377,0,235,-0.621031669
"97",13257,"AG_2017","2",4,1.95388349514563,3.81766071260251,-1.125000137,"nonmast","low predator",-1.751941663,1,325,0.038852625
"98",21904,"AG_2017","2",3,-0.046116504854369,0.00212673201998304,-0.089735527,"nonmast","low predator",-0.179635115,1,71,-1.823487494
"99",21904,"AG_2017","1",3,-0.046116504854369,0.00212673201998304,-0.089735527,"nonmast","low predator",-0.179635115,1,83,-1.735502921
"100",21583,"AG_2017","1",3,-0.046116504854369,0.00212673201998304,-1.125000137,"nonmast","low predator",-0.934342258,1,300,-0.144448568
"101",22388,"AG_2017","2",4,-1.04611650485437,1.09435974172872,0.039672549,"nonmast","low predator",-1.060126782,1,11,-2.263410356
"102",19989,"AG_2017","2",3,-0.046116504854369,0.00212673201998304,-1.125000137,"nonmast","low predator",-0.085296722,2,130,-1.390896679
"103",22166,"BT_2016","2",3,-2.04611650485437,4.18659275143746,0.936099856,"nonmast","low predator",-1.060126782,0,83,-1.735502921
"104",21952,"BT_2016","2",3,-0.046116504854369,0.00212673201998304,0.814753578,"nonmast","low predator",-1.060126782,1,268,-0.379074094
"105",21950,"BT_2016","1",2,-1.04611650485437,1.09435974172872,0.329368468,"nonmast","low predator",-0.745665473,0,147,-1.266251868
"106",22175,"BT_2017","2",3,-1.04611650485437,1.09435974172872,-0.779512256,"nonmast","low predator",-0.022404461,0,272,-0.349745904
"107",22136,"BT_2017","1",3,-2.04611650485437,4.18659275143746,1.311634395,"nonmast","low predator",-0.116742853,1,270,-0.364409999
"108",22031,"BT_2017","1",1,-1.04611650485437,1.09435974172872,-0.779512256,"nonmast","low predator",0.229164587,1,408,0.647412585
"109",22458,"BT_2017","2",4,-1.04611650485437,1.09435974172872,-0.779512256,"nonmast","low predator",-0.022404461,0,37,-2.072777116
"110",22458,"BT_2017","1",4,-1.04611650485437,1.09435974172872,2.058472485,"nonmast","low predator",-0.022404461,0,84,-1.728170873
"111",21952,"BT_2017","1",2,-1.04611650485437,1.09435974172872,1.162266777,"nonmast","low predator",0.166272325,0,278,-0.305753617
"112",22230,"BT_2017","1",3,-1.04611650485437,1.09435974172872,1.012899159,"nonmast","low predator",0.103380063,0,330,0.075512864
"113",22167,"BT_2017","1",3,-2.04611650485437,4.18659275143746,1.012899159,"nonmast","low predator",0.166272325,1,257,-0.459726619
"114",21970,"BT_2017","1",3,-0.046116504854369,0.00212673201998304,0.564796306,"nonmast","low predator",0.197718456,0,224,-0.701684194
"115",22189,"BT_2018","1",2,-1.04611650485437,1.09435974172872,0.852842913,"nonmast","low predator",NA,NA,90,-1.684178587
"116",22457,"BT_2018","2",2,-0.046116504854369,0.00212673201998304,1.201733196,"nonmast","low predator",-0.211081246,0,395,0.552095965
"117",21970,"BT_2018","1",3,-0.046116504854369,0.00212673201998304,0.155062348,"nonmast","low predator",0.292056849,0,402,0.603420299
"118",24831,"BT_2020","1",3,-2.04611650485437,4.18659275143746,0.510753919,"nonmast","low predator",-1.31169583,2,180,-1.024294293
"119",25033,"BT_2021","1",3,-1.04611650485437,1.09435974172872,-0.502518908,"nonmast","low predator",-0.148188984,0,300,-0.144448568
"120",25024,"BT_2021","1",3,-2.04611650485437,4.18659275143746,1.909571849,"nonmast","low predator",NA,NA,420,0.735397158
"121",22028,"BT_2022","1",3,-1.04611650485437,1.09435974172872,-0.48656184,"mast","low predator",0.889533337,0,60,-1.904140018
"122",24831,"BT_2022","2",4,-0.046116504854369,0.00212673201998304,1.45968552,"mast","high predator",3.027870243,3,NA,NA
"123",24831,"BT_2022","1",4,-0.046116504854369,0.00212673201998304,-0.48656184,"mast","high predator",3.027870243,3,360,0.295474295
"124",25101,"BT_2022","2",3,-1.04611650485437,1.09435974172872,-0.48656184,"mast","low predator",NA,NA,420,0.735397158
"125",25047,"BT_2022","2",7,-1.04611650485437,1.09435974172872,3.016683409,"mast","high predator",2.776301195,5,300,-0.144448568
"126",25400,"BT_2022","1",4,-1.04611650485437,1.09435974172872,-0.48656184,"mast","high predator",NA,NA,60,-1.904140018
"127",25400,"BT_2022","2",4,-1.04611650485437,1.09435974172872,0.681186576,"mast","high predator",NA,NA,300,-0.144448568
"128",13229,"JO_2016","1",3,0.953883495145631,0.909893722311245,-0.694126195,"nonmast","low predator",-0.494096425,1,89,-1.691510635
"129",19553,"JO_2016","2",3,0.953883495145631,0.909893722311245,-0.694126195,"nonmast","low predator",-1.217357437,1,144,-1.288248011
"130",19432,"JO_2016","2",3,-0.046116504854369,0.00212673201998304,2.067038779,"nonmast","low predator",-0.777111604,0,169,-1.104946818
"131",19432,"JO_2016","1",3,-0.046116504854369,0.00212673201998304,-0.694126195,"nonmast","low predator",-0.777111604,0,120,-1.464217156
"132",19666,"JO_2016","2",3,-0.046116504854369,0.00212673201998304,1.031601914,"nonmast","low predator",-0.99723452,0,398,0.574092108
"133",19425,"JO_2016","1",3,-0.046116504854369,0.00212673201998304,-0.694126195,"nonmast","low predator",-0.840003865,1,240,-0.58437143
"134",11720,"JO_2016","1",4,2.95388349514563,8.72542770289377,-0.694126195,"nonmast","low predator",-1.091572913,0,NA,NA
"135",11726,"JO_2016","1",1,2.95388349514563,8.72542770289377,-0.694126195,"nonmast","low predator",-1.154465175,0,NA,NA
"136",19589,"JO_2016","1",3,-0.046116504854369,0.00212673201998304,-0.694126195,"nonmast","low predator",-0.840003865,0,240,-0.58437143
"137",13208,"JO_2016","2",3,0.953883495145631,0.909893722311245,0.22626213,"nonmast","low predator",-1.154465175,0,180,-1.024294293
"138",13208,"JO_2016","1",3,0.953883495145631,0.909893722311245,-0.694126195,"nonmast","low predator",-1.154465175,0,180,-1.024294293
"139",21683,"JO_2016","1",3,-1.04611650485437,1.09435974172872,-0.694126195,"nonmast","low predator",-0.934342258,1,360,0.295474295
"140",13228,"JO_2017","1",2,0.953883495145631,0.909893722311245,-1.027393876,"nonmast","low predator",-0.494096425,0,106,-1.566865824
"141",20440,"JO_2017","1",2,-0.046116504854369,0.00212673201998304,0.34103471,"nonmast","low predator",0.197718456,0,118,-1.478881251
"142",19553,"JO_2017","1",2,-0.046116504854369,0.00212673201998304,0.714242506,"nonmast","low predator",-0.022404461,0,177,-1.046290436
"143",19509,"JO_2017","1",2,0.953883495145631,0.909893722311245,-1.027393876,"nonmast","low predator",-0.525542556,0,90,-1.684178587
"144",19587,"JO_2017","1",3,-0.046116504854369,0.00212673201998304,0.838645105,"nonmast","low predator",-0.273973508,0,148,-1.25891982
"145",20601,"JO_2017","1",3,-0.046116504854369,0.00212673201998304,1.460658099,"nonmast","low predator",0.00904167,0,349,0.21482177
"146",20488,"JO_2017","1",2,-0.046116504854369,0.00212673201998304,1.211852901,"nonmast","low predator",-0.305419639,1,114,-1.508209442
"147",20265,"JO_2017","2",3,-0.046116504854369,0.00212673201998304,-1.027393876,"nonmast","low predator",-0.179635115,0,129,-1.398228726
"148",20265,"JO_2017","1",3,-0.046116504854369,0.00212673201998304,1.336255501,"nonmast","low predator",-0.179635115,0,145,-1.280915963
"149",20148,"JO_2017","2",3,-0.046116504854369,0.00212673201998304,-1.027393876,"nonmast","low predator",-0.053850591,0,128,-1.405560774
"150",20148,"JO_2017","1",3,-0.046116504854369,0.00212673201998304,0.589839908,"nonmast","low predator",-0.053850591,0,57,-1.926136162
"151",21895,"JO_2017","1",3,-0.046116504854369,0.00212673201998304,0.465437309,"nonmast","low predator",-0.148188984,0,388,0.500771631
"152",13427,"JO_2017","2",1,4.95388349514563,24.5409616834763,-1.027393876,"nonmast","low predator",0.32350298,0,284,-0.261761331
"153",20770,"JO_2017","2",3,-0.046116504854369,0.00212673201998304,-1.027393876,"nonmast","low predator",0.040487801,0,247,-0.533047096
"154",20770,"JO_2017","1",3,-0.046116504854369,0.00212673201998304,0.714242506,"nonmast","low predator",0.040487801,0,221,-0.723680337
"155",11726,"JO_2017","1",2,2.95388349514563,8.72542770289377,-1.027393876,"nonmast","low predator",0.889533337,1,59,-1.911472066
"156",11726,"JO_2017","2",2,1.95388349514563,3.81766071260251,-1.027393876,"nonmast","low predator",0.889533337,1,55,-1.940800257
"157",20287,"JO_2017","1",2,-0.046116504854369,0.00212673201998304,-1.027393876,"nonmast","low predator",0.292056849,0,384,0.47144344
"158",21998,"JO_2017","2",3,0.953883495145631,0.909893722311245,1.336255501,"nonmast","low predator",-0.273973508,0,205,-0.8409931
"159",20417,"JO_2017","2",2,-0.046116504854369,0.00212673201998304,-1.027393876,"nonmast","low predator",0.040487801,0,NA,NA
"160",20417,"JO_2017","1",2,-0.046116504854369,0.00212673201998304,-0.032173086,"nonmast","low predator",0.040487801,0,115,-1.500877394
"161",11678,"JO_2017","1",2,3.95388349514563,15.633194693185,-1.027393876,"nonmast","low predator",0.889533337,0,65,-1.86747978
"162",20389,"JO_2017","2",3,-0.046116504854369,0.00212673201998304,1.211852901,"nonmast","low predator",-0.619880949,1,262,-0.423066381
"163",20389,"JO_2017","1",3,-0.046116504854369,0.00212673201998304,-1.027393876,"nonmast","low predator",-0.619880949,1,140,-1.317576202
"164",21465,"JO_2017","1",3,-0.046116504854369,0.00212673201998304,-1.027393876,"nonmast","low predator",-0.682773211,1,335,0.112173102
"165",21465,"JO_2017","2",3,-1.04611650485437,1.09435974172872,0.589839908,"nonmast","low predator",-0.682773211,1,242,-0.569707335
"166",13208,"JO_2017","2",3,1.95388349514563,3.81766071260251,-0.156575684,"nonmast","low predator",-0.619880949,0,66,-1.860147732
"167",13208,"JO_2017","1",3,1.95388349514563,3.81766071260251,-1.027393876,"nonmast","low predator",-0.619880949,0,170,-1.09761477
"168",22165,"JO_2017","1",3,-0.046116504854369,0.00212673201998304,0.714242506,"nonmast","low predator",-0.022404461,0,368,0.354130677
"169",23370,"JO_2018","1",2,-2.04611650485437,4.18659275143746,-0.20591446,"nonmast","low predator",0.480733635,0,305,-0.107788329
"170",20440,"JO_2018","2",3,-0.046116504854369,0.00212673201998304,0.603035204,"nonmast","low predator",-0.431204163,0,NA,NA
"171",20440,"JO_2018","1",3,0.953883495145631,0.909893722311245,-0.85307419,"nonmast","low predator",-0.431204163,0,320,0.002192387
"172",20439,"JO_2018","2",3,0.953883495145631,0.909893722311245,0.603035204,"nonmast","low predator",-0.525542556,0,30,-2.12410145
"173",20046,"JO_2018","2",3,0.953883495145631,0.909893722311245,1.411984866,"nonmast","low predator",-0.588434818,0,130,-1.390896679
"174",23072,"JO_2018","2",3,-1.04611650485437,1.09435974172872,-0.85307419,"nonmast","low predator",0.040487801,0,64,-1.874811828
"175",19587,"JO_2018","1",1,-0.046116504854369,0.00212673201998304,-0.85307419,"nonmast","low predator",0.354949111,0,185,-0.987634054
"176",20488,"JO_2018","2",3,-0.046116504854369,0.00212673201998304,1.897354664,"nonmast","low predator",-0.431204163,0,148,-1.25891982
"177",20488,"JO_2018","1",3,0.953883495145631,0.909893722311245,-0.85307419,"nonmast","low predator",-0.431204163,0,133,-1.368900535
"178",19411,"JO_2018","1",3,1.95388349514563,3.81766071260251,-0.85307419,"nonmast","low predator",NA,NA,363,0.317470438
"179",20760,"JO_2018","1",3,0.953883495145631,0.909893722311245,1.573774799,"nonmast","low predator",-0.148188984,0,265,-0.401070237
"180",21895,"JO_2018","2",3,-0.046116504854369,0.00212673201998304,1.088405001,"nonmast","low predator",NA,NA,294,-0.188440854
"181",20820,"JO_2018","1",3,0.953883495145631,0.909893722311245,2.22093453,"nonmast","low predator",NA,NA,90,-1.684178587
"182",13427,"JO_2018","2",1,3.95388349514563,15.633194693185,-0.85307419,"nonmast","low predator",NA,NA,239,-0.591703478
"183",20770,"JO_2018","2",3,0.953883495145631,0.909893722311245,0.926615069,"nonmast","low predator",-0.494096425,0,44,-2.021452782
"184",20287,"JO_2018","1",1,-0.046116504854369,0.00212673201998304,-0.85307419,"nonmast","low predator",NA,NA,264,-0.408402285
"185",21998,"JO_2018","2",3,0.953883495145631,0.909893722311245,1.573774799,"nonmast","low predator",-0.305419639,0,385,0.478775488
"186",20359,"JO_2018","1",3,NA,NA,-0.85307419,"nonmast","low predator",0.700856552,NA,157,-1.19293139
"187",20389,"JO_2018","2",3,0.953883495145631,0.909893722311245,-0.85307419,"nonmast","low predator",0.700856552,0,39,-2.05811302
"188",21029,"JO_2018","2",4,0.953883495145631,0.909893722311245,1.250194934,"nonmast","low predator",-0.556988687,0,60,-1.904140018
"189",21029,"JO_2018","1",4,0.953883495145631,0.909893722311245,-0.85307419,"nonmast","low predator",-0.556988687,0,390,0.515435727
"190",22543,"JO_2018","2",3,-1.04611650485437,1.09435974172872,0.764825136,"nonmast","low predator",-0.556988687,0,230,-0.657691907
"191",22165,"JO_2018","1",3,-1.04611650485437,1.09435974172872,-0.85307419,"nonmast","low predator",-0.588434818,0,420,0.735397158
"192",23201,"JO_2019","1",4,-1.04611650485437,1.09435974172872,2.152784884,"mast","low predator",NA,NA,60,-1.904140018
"193",23888,"JO_2019","1",3,-2.04611650485437,4.18659275143746,-0.448496851,"mast","low predator",NA,NA,420,0.735397158
"194",20760,"JO_2019","1",4,1.95388349514563,3.81766071260251,-0.448496851,"mast","low predator",0.700856552,4,255,-0.474390715
"195",20760,"JO_2019","1",4,0.953883495145631,0.909893722311245,2.152784884,"mast","low predator",2.587624409,4,300,-0.144448568
"196",23787,"JO_2019","1",4,-1.04611650485437,1.09435974172872,-0.448496851,"mast","low predator",NA,NA,300,-0.144448568
"197",19729,"JO_2019","1",4,2.95388349514563,8.72542770289377,-0.448496851,"mast","low predator",NA,NA,240,-0.58437143
"198",21029,"JO_2019","1",4,1.95388349514563,3.81766071260251,2.152784884,"mast","low predator",2.964977981,NA,180,-1.024294293
"199",21029,"JO_2019","2",5,1.95388349514563,3.81766071260251,-0.448496851,"mast","low predator",NA,NA,120,-1.464217156
"200",22290,"JO_2019","1",4,-0.046116504854369,0.00212673201998304,-0.448496851,"mast","low predator",3.405223814,NA,180,-1.024294293
"201",22290,"JO_2019","1",2,-0.046116504854369,0.00212673201998304,-0.448496851,"mast","low predator",2.115932445,NA,360,0.295474295
"202",22602,"JO_2019","1",6,-0.046116504854369,0.00212673201998304,-0.448496851,"mast","low predator",NA,NA,240,-0.58437143
"203",24383,"JO_2020","1",3,-2.04611650485437,4.18659275143746,-0.470673386,"nonmast","low predator",NA,NA,360,0.295474295
"204",24360,"JO_2020","1",3,-2.04611650485437,4.18659275143746,-0.470673386,"nonmast","low predator",NA,NA,300,-0.144448568
"205",21029,"JO_2020","1",5,2.95388349514563,8.72542770289377,-0.470673386,"nonmast","low predator",-0.777111604,0,420,0.735397158
"206",24356,"JO_2020","1",4,-2.04611650485437,4.18659275143746,-0.470673386,"nonmast","low predator",NA,NA,120,-1.464217156
"207",24994,"JO_2020","1",4,-2.04611650485437,4.18659275143746,-0.470673386,"nonmast","low predator",NA,NA,240,-0.58437143
"208",24417,"JO_2020","1",3,-2.04611650485437,4.18659275143746,-0.210991518,"nonmast","low predator",-0.116742853,0,180,-1.024294293
"209",24692,"JO_2021","1",3,-1.04611650485437,1.09435974172872,-0.3002731,"nonmast","low predator",-0.33686577,1,120,-1.464217156
"210",25164,"JO_2021","1",3,-2.04611650485437,4.18659275143746,-0.6005462,"nonmast","low predator",0.417841373,0,420,0.735397158
"211",25200,"JO_2021","1",3,NA,NA,0.9008193,"nonmast","low predator",0.543625897,NA,180,-1.024294293
"212",24356,"JO_2021","1",2,-1.04611650485437,1.09435974172872,1.201092399,"nonmast","low predator",-0.305419639,0,60,-1.904140018
"213",25225,"JO_2022","1",6,-1.04611650485437,1.09435974172872,-0.348925817,"mast","high predator",NA,NA,60,-1.904140018
"214",25314,"JO_2022","1",5,-2.04611650485437,4.18659275143746,-0.348925817,"mast","high predator",1.361225302,0,300,-0.144448568
"215",24897,"JO_2022","1",4,-1.04611650485437,1.09435974172872,-0.348925817,"mast","high predator",2.556178278,1,240,-0.58437143
"216",24824,"JO_2022","1",4,-2.04611650485437,4.18659275143746,-0.348925817,"mast","low predator",1.109656254,4,60,-1.904140018
"217",25232,"JO_2022","2",3,-2.04611650485437,4.18659275143746,1.237100624,"mast","high predator",3.090762504,2,60,-1.904140018
"218",25232,"JO_2022","1",3,-2.04611650485437,4.18659275143746,-0.348925817,"mast","high predator",3.090762504,2,NA,NA
"219",25164,"JO_2022","1",4,-1.04611650485437,1.09435974172872,-0.348925817,"mast","high predator",1.109656254,0,180,-1.024294293
"220",25366,"JO_2022","2",2,-1.04611650485437,1.09435974172872,-0.348925817,"mast","high predator",1.109656254,0,NA,NA
"221",8732,"KL_2008","2",2,-1.04611650485437,1.09435974172872,1.402364526,"nonmast","high predator",-0.462650294,0,32,-2.109437354
"222",8572,"KL_2008","2",2,-0.046116504854369,0.00212673201998304,-0.308995574,"nonmast","high predator",-0.65132708,0,149,-1.251587772
"223",8572,"KL_2008","1",3,-0.046116504854369,0.00212673201998304,-0.87944894,"nonmast","high predator",-0.65132708,0,210,-0.804332862
"224",8592,"KL_2008","1",4,-0.046116504854369,0.00212673201998304,-0.689297818,"nonmast","high predator",-0.808557735,0,355,0.258814057
"225",10391,"KL_2008","2",3,-2.04611650485437,4.18659275143746,0.07130667,"nonmast","high predator",-0.33686577,1,192,-0.93630972
"226",10391,"KL_2008","1",3,-2.04611650485437,4.18659275143746,0.07130667,"nonmast","high predator",-0.33686577,1,248,-0.525715049
"227",10317,"KL_2008","2",3,-1.04611650485437,1.09435974172872,2.162969014,"nonmast","high predator",-0.65132708,0,30,-2.12410145
"228",10317,"KL_2008","1",3,-1.04611650485437,1.09435974172872,-0.689297818,"nonmast","high predator",-0.65132708,0,192,-0.93630972
"229",10137,"KL_2008","1",4,-0.046116504854369,0.00212673201998304,-0.87944894,"nonmast","high predator",-1.028680651,1,NA,NA
"230",10722,"KL_2008","1",3,-1.04611650485437,1.09435974172872,0.83191116,"nonmast","high predator",-0.085296722,1,205,-0.8409931
"231",8576,"KL_2008","1",4,0.953883495145631,0.909893722311245,-0.87944894,"nonmast","high predator",-0.745665473,0,120,-1.464217156
"232",8297,"KL_2008","2",3,-1.04611650485437,1.09435974172872,0.641760038,"nonmast","high predator",-0.714219342,0,296,-0.173776758
"233",8297,"KL_2008","1",3,-1.04611650485437,1.09435974172872,-0.689297818,"nonmast","high predator",-0.714219342,0,173,-1.075618627
"234",8680,"KL_2008","2",3,-1.04611650485437,1.09435974172872,1.78266677,"nonmast","high predator",-0.33686577,0,9,-2.278074452
"235",10183,"KL_2008","1",3,-0.046116504854369,0.00212673201998304,-0.87944894,"nonmast","high predator",-0.808557735,0,64,-1.874811828
"236",8733,"KL_2008","2",3,-0.046116504854369,0.00212673201998304,1.022062282,"nonmast","high predator",-0.273973508,0,220,-0.731012385
"237",8733,"KL_2008","1",3,-0.046116504854369,0.00212673201998304,1.022062282,"nonmast","high predator",-0.273973508,0,225,-0.694352146
"238",10145,"KL_2008","1",4,-0.046116504854369,0.00212673201998304,-0.87944894,"nonmast","high predator",-0.525542556,0,165,-1.134275009
"239",10408,"KL_2008","2",3,-2.04611650485437,4.18659275143746,1.972817892,"nonmast","high predator",-0.556988687,1,135,-1.35423644
"240",10748,"KL_2008","2",2,-2.04611650485437,4.18659275143746,-0.87944894,"nonmast","high predator",-0.148188984,0,181,-1.016962245
"241",10748,"KL_2008","1",2,-2.04611650485437,4.18659275143746,2.353120136,"nonmast","high predator",-0.148188984,0,187,-0.972969959
"242",10318,"KL_2008","2",3,-1.04611650485437,1.09435974172872,0.83191116,"nonmast","high predator",-0.745665473,0,39,-2.05811302
"243",10318,"KL_2008","1",3,-1.04611650485437,1.09435974172872,-0.689297818,"nonmast","high predator",-0.745665473,0,175,-1.060954532
"244",10342,"KL_2008","1",2,-1.04611650485437,1.09435974172872,0.83191116,"nonmast","high predator",-0.211081246,1,59,-1.911472066
"245",10342,"KL_2008","2",2,-2.04611650485437,4.18659275143746,0.83191116,"nonmast","high predator",-0.211081246,1,111,-1.530205585
"246",10181,"KL_2008","1",4,0.953883495145631,0.909893722311245,-0.87944894,"nonmast","high predator",-0.871449996,2,75,-1.794159303
"247",10181,"KL_2008","2",4,-0.046116504854369,0.00212673201998304,1.022062282,"nonmast","high predator",-0.871449996,2,13,-2.248746261
"248",8330,"KL_2008","2",3,-0.046116504854369,0.00212673201998304,1.592515648,"nonmast","high predator",-0.525542556,0,420,0.735397158
"249",8648,"KL_2008","2",3,-0.046116504854369,0.00212673201998304,-0.87944894,"nonmast","high predator",1.109656254,0,124,-1.434888965
"250",8648,"KL_2008","1",4,-0.046116504854369,0.00212673201998304,-0.87944894,"nonmast","high predator",-0.368311901,0,30,-2.12410145
"251",10375,"KL_2008","2",2,-1.04611650485437,1.09435974172872,0.261457793,"nonmast","high predator",-0.462650294,0,51,-1.970128448
"252",10182,"KL_2008","2",4,-0.046116504854369,0.00212673201998304,-0.87944894,"nonmast","high predator",0.63796429,0,111,-1.530205585
"253",10265,"KL_2008","2",3,-0.046116504854369,0.00212673201998304,0.261457793,"nonmast","high predator",-0.777111604,1,50,-1.977460496
"254",10265,"KL_2008","1",3,-0.046116504854369,0.00212673201998304,-0.87944894,"nonmast","high predator",-0.777111604,1,35,-2.087441211
"255",10391,"KL_2009","2",4,-1.04611650485437,1.09435974172872,-0.482160459,"nonmast","high predator",0.826641075,0,205,-0.8409931
"256",10391,"KL_2009","1",4,-1.04611650485437,1.09435974172872,-0.793710294,"nonmast","high predator",0.826641075,0,129,-1.398228726
"257",10461,"KL_2009","1",3,-2.04611650485437,4.18659275143746,-0.793710294,"nonmast","high predator",1.203994647,0,105,-1.574197871
"258",10759,"KL_2009","1",4,-2.04611650485437,4.18659275143746,-0.793710294,"nonmast","high predator",1.203994647,0,373,0.390790915
"259",10183,"KL_2009","2",4,0.953883495145631,0.909893722311245,-0.482160459,"nonmast","high predator",0.32350298,1,239,-0.591703478
"260",10183,"KL_2009","1",4,0.953883495145631,0.909893722311245,1.387138552,"nonmast","high predator",0.32350298,1,10,-2.270742404
"261",10318,"KL_2009","2",2,-0.046116504854369,0.00212673201998304,-0.482160459,"nonmast","high predator",0.103380063,1,5,-2.307402643
"262",10318,"KL_2009","1",2,-0.046116504854369,0.00212673201998304,2.010238222,"nonmast","high predator",0.103380063,1,60,-1.904140018
"263",10145,"KL_2009","1",4,-0.046116504854369,0.00212673201998304,-0.482160459,"nonmast","high predator",1.078210123,0,170,-1.09761477
"264",10377,"KL_2009","2",3,-1.04611650485437,1.09435974172872,-0.482160459,"nonmast","high predator",0.606518159,2,241,-0.577039383
"265",10377,"KL_2009","1",3,-1.04611650485437,1.09435974172872,-0.482160459,"nonmast","high predator",0.606518159,2,407,0.640080538
"266",10754,"KL_2009","1",3,-2.04611650485437,4.18659275143746,-0.482160459,"nonmast","high predator",1.078210123,1,300,-0.144448568
"267",10181,"KL_2009","2",4,0.953883495145631,0.909893722311245,-0.482160459,"nonmast","high predator",-0.022404461,3,15,-2.234082166
"268",11177,"KL_2009","1",3,-2.04611650485437,4.18659275143746,-0.482160459,"nonmast","high predator",1.046763992,0,304,-0.115120377
"269",10374,"KL_2009","2",3,-1.04611650485437,1.09435974172872,-0.482160459,"nonmast","high predator",0.103380063,1,398,0.574092108
"270",10375,"KL_2009","2",3,-1.04611650485437,1.09435974172872,-0.793710294,"nonmast","high predator",0.166272325,1,168,-1.112278866
"271",10517,"KL_2009","1",3,-1.04611650485437,1.09435974172872,0.452489046,"nonmast","high predator",0.512179766,1,135,-1.35423644
"272",10265,"KL_2009","1",3,0.953883495145631,0.909893722311245,-0.793710294,"nonmast","high predator",0.700856552,0,245,-0.547711192
"273",19550,"KL_2016","2",2,0.953883495145631,0.909893722311245,-0.146933243,"nonmast","low predator",-1.060126782,0,117,-1.486213299
"274",20537,"KL_2016","2",2,-1.04611650485437,1.09435974172872,0.886443412,"nonmast","low predator",-0.556988687,0,270,-0.364409999
"275",20537,"KL_2016","1",2,-1.04611650485437,1.09435974172872,-0.973634567,"nonmast","low predator",-0.556988687,0,225,-0.694352146
"276",19561,"KL_2016","1",2,-0.046116504854369,0.00212673201998304,-0.973634567,"nonmast","low predator",-0.682773211,0,138,-1.332240297
"277",19719,"KL_2016","2",2,-0.046116504854369,0.00212673201998304,-0.043595578,"nonmast","low predator",-0.745665473,0,162,-1.156271152
"278",19719,"KL_2016","1",2,-0.046116504854369,0.00212673201998304,-0.973634567,"nonmast","low predator",-0.745665473,0,378,0.427451154
"279",20632,"KL_2016","2",3,-1.04611650485437,1.09435974172872,1.506469405,"nonmast","low predator",-0.494096425,0,180,-1.024294293
"280",20920,"KL_2016","1",3,-1.04611650485437,1.09435974172872,-0.973634567,"nonmast","low predator",-0.368311901,0,162,-1.156271152
"281",19649,"KL_2016","1",2,-0.046116504854369,0.00212673201998304,-0.973634567,"nonmast","low predator",-0.871449996,1,100,-1.61085811
"282",21294,"KL_2016","2",2,-1.04611650485437,1.09435974172872,0.783105746,"nonmast","low predator",-0.525542556,1,99,-1.618190158
"283",19769,"KL_2016","2",3,-0.046116504854369,0.00212673201998304,0.679768081,"nonmast","low predator",-0.619880949,1,58,-1.918804114
"284",19769,"KL_2016","1",3,-0.046116504854369,0.00212673201998304,-0.973634567,"nonmast","low predator",-0.619880949,1,331,0.082844911
"285",21910,"KL_2016","1",2,-1.04611650485437,1.09435974172872,-0.973634567,"nonmast","low predator",-0.777111604,0,300,-0.144448568
"286",13288,"KL_2016","2",2,0.953883495145631,0.909893722311245,0.679768081,"nonmast","low predator",-0.65132708,0,146,-1.273583915
"287",20220,"KL_2016","2",1,-1.04611650485437,1.09435974172872,0.783105746,"nonmast","low predator",-0.902896127,1,377,0.420119106
"288",20220,"KL_2016","1",1,-1.04611650485437,1.09435974172872,-0.973634567,"nonmast","low predator",-0.902896127,1,284,-0.261761331
"289",19983,"KL_2016","1",3,-1.04611650485437,1.09435974172872,-0.973634567,"nonmast","low predator",-1.028680651,1,NA,NA
"290",19984,"KL_2016","2",3,-1.04611650485437,1.09435974172872,1.403131739,"nonmast","low predator",-0.934342258,0,173,-1.075618627
"291",19984,"KL_2016","1",3,-1.04611650485437,1.09435974172872,-0.973634567,"nonmast","low predator",-0.934342258,0,230,-0.657691907
"292",20409,"KL_2016","2",2,-0.046116504854369,0.00212673201998304,0.989781078,"nonmast","low predator",-0.777111604,2,215,-0.767672623
"293",20409,"KL_2016","1",2,-0.046116504854369,0.00212673201998304,-0.973634567,"nonmast","low predator",-0.777111604,2,75,-1.794159303
"294",12427,"KL_2016","1",3,2.95388349514563,8.72542770289377,-0.973634567,"nonmast","low predator",-0.840003865,0,420,0.735397158
"295",20191,"KL_2016","1",3,-1.04611650485437,1.09435974172872,-0.973634567,"nonmast","low predator",-0.714219342,0,360,0.295474295
"296",13305,"KL_2016","1",2,0.953883495145631,0.909893722311245,-0.973634567,"nonmast","low predator",-0.462650294,0,107,-1.559533776
"297",19706,"KL_2016","2",3,-0.046116504854369,0.00212673201998304,0.783105746,"nonmast","low predator",-0.745665473,0,140,-1.317576202
"298",13445,"KL_2017","2",4,1.95388349514563,3.81766071260251,-1.234650603,"nonmast","low predator",0.292056849,0,335,0.112173102
"299",22008,"KL_2017","2",3,-0.046116504854369,0.00212673201998304,0.740148151,"nonmast","low predator",-0.242527377,1,245,-0.547711192
"300",22016,"KL_2017","2",2,-1.04611650485437,1.09435974172872,0.3451884,"nonmast","low predator",-0.273973508,1,238,-0.599035526
"301",21382,"KL_2017","1",3,-0.046116504854369,0.00212673201998304,1.135107901,"nonmast","low predator",0.134826194,0,60,-1.904140018
"302",19764,"KL_2017","2",3,0.953883495145631,0.909893722311245,-1.234650603,"nonmast","low predator",0.166272325,0,131,-1.383564631
"303",19764,"KL_2017","1",3,0.953883495145631,0.909893722311245,1.266761152,"nonmast","low predator",0.166272325,0,95,-1.647518349
"304",21366,"KL_2017","1",2,-0.046116504854369,0.00212673201998304,0.47684165,"nonmast","low predator",0.260610718,1,280,-0.291089522
"305",21342,"KL_2017","2",3,-0.046116504854369,0.00212673201998304,-1.234650603,"nonmast","low predator",0.040487801,1,187,-0.972969959
"306",21075,"KL_2017","1",2,-0.046116504854369,0.00212673201998304,0.608494901,"nonmast","low predator",-0.179635115,1,144,-1.288248011
"307",21075,"KL_2017","2",2,-1.04611650485437,1.09435974172872,0.608494901,"nonmast","low predator",-0.179635115,1,53,-1.955464352
"308",20920,"KL_2017","1",3,-1.04611650485437,1.09435974172872,1.661720903,"nonmast","low predator",0.197718456,0,90,-1.684178587
"309",20628,"KL_2017","2",3,-0.046116504854369,0.00212673201998304,-1.234650603,"nonmast","low predator",0.040487801,0,99,-1.618190158
"310",20628,"KL_2017","1",3,-0.046116504854369,0.00212673201998304,1.266761152,"nonmast","low predator",0.040487801,0,155,-1.207595486
"311",19766,"KL_2017","2",3,0.953883495145631,0.909893722311245,-1.234650603,"nonmast","low predator",-0.085296722,1,23,-2.175425784
"312",19766,"KL_2017","1",3,0.953883495145631,0.909893722311245,0.740148151,"nonmast","low predator",-0.085296722,1,68,-1.845483637
"313",21578,"KL_2017","1",2,-1.04611650485437,1.09435974172872,0.47684165,"nonmast","low predator",0.071933932,0,305,-0.107788329
"314",21910,"KL_2017","2",3,-0.046116504854369,0.00212673201998304,-1.234650603,"nonmast","low predator",0.103380063,0,49,-1.984792543
"315",21155,"KL_2017","2",3,-1.04611650485437,1.09435974172872,-0.444731102,"nonmast","low predator",-0.619880949,1,106,-1.566865824
"316",21396,"KL_2017","1",3,-1.04611650485437,1.09435974172872,0.871801401,"nonmast","low predator",0.103380063,0,246,-0.540379144
"317",21022,"KL_2017","2",3,-0.046116504854369,0.00212673201998304,-1.234650603,"nonmast","low predator",0.229164587,0,75,-1.794159303
"318",19809,"KL_2017","2",2,0.953883495145631,0.909893722311245,0.21353515,"nonmast","low predator",-0.273973508,0,117,-1.486213299
"319",19809,"KL_2017","1",2,0.953883495145631,0.909893722311245,0.21353515,"nonmast","low predator",-0.273973508,0,145,-1.280915963
"320",20865,"KL_2017","2",2,-0.046116504854369,0.00212673201998304,-1.234650603,"nonmast","low predator",-0.085296722,0,255,-0.474390715
"321",20865,"KL_2017","1",2,-0.046116504854369,0.00212673201998304,1.266761152,"nonmast","low predator",-0.085296722,0,120,-1.464217156
"322",20079,"KL_2017","2",4,-1.04611650485437,1.09435974172872,1.135107901,"nonmast","low predator",0.00904167,0,160,-1.170935247
"323",20873,"KL_2017","1",3,-0.046116504854369,0.00212673201998304,1.003454651,"nonmast","low predator",0.575072028,0,96,-1.640186301
"324",20295,"KL_2017","2",3,-0.046116504854369,0.00212673201998304,1.135107901,"nonmast","low predator",-0.399758032,0,193,-0.928977673
"325",20688,"KL_2017","2",3,-0.046116504854369,0.00212673201998304,-1.234650603,"nonmast","low predator",0.040487801,1,231,-0.65035986
"326",20688,"KL_2017","1",3,-0.046116504854369,0.00212673201998304,0.871801401,"nonmast","low predator",0.040487801,1,57,-1.926136162
"327",20685,"KL_2017","2",3,-0.046116504854369,0.00212673201998304,-1.234650603,"nonmast","low predator",0.32350298,0,71,-1.823487494
"328",20995,"KL_2017","1",4,-0.046116504854369,0.00212673201998304,1.266761152,"nonmast","low predator",-0.116742853,0,64,-1.874811828
"329",20191,"KL_2017","1",3,-0.046116504854369,0.00212673201998304,1.003454651,"nonmast","low predator",0.134826194,3,104,-1.581529919
"330",20191,"KL_2017","2",3,-1.04611650485437,1.09435974172872,-1.234650603,"nonmast","low predator",0.134826194,3,80,-1.757499064
"331",20732,"KL_2017","2",2,-0.046116504854369,0.00212673201998304,-1.234650603,"nonmast","low predator",0.071933932,0,150,-1.244255724
"332",20732,"KL_2017","1",2,-0.046116504854369,0.00212673201998304,0.740148151,"nonmast","low predator",0.071933932,0,162,-1.156271152
"333",21199,"KL_2017","1",2,-0.046116504854369,0.00212673201998304,-0.313077851,"nonmast","low predator",0.071933932,0,382,0.456779345
"334",21227,"KL_2017","2",3,-0.046116504854369,0.00212673201998304,0.3451884,"nonmast","low predator",-0.305419639,1,17,-2.21941807
"335",21227,"KL_2017","1",3,-0.046116504854369,0.00212673201998304,0.3451884,"nonmast","low predator",-0.305419639,1,197,-0.899649482
"336",22009,"KL_2017","2",3,NA,NA,-1.234650603,"nonmast","low predator",0.040487801,NA,206,-0.833661053
"337",22009,"KL_2017","1",3,NA,NA,0.21353515,"nonmast","low predator",0.040487801,NA,155,-1.207595486
"338",20734,"KL_2017","2",3,-0.046116504854369,0.00212673201998304,-1.234650603,"nonmast","low predator",0.260610718,0,415,0.698736919
"339",19846,"KL_2017","1",2,0.953883495145631,0.909893722311245,0.0818819,"nonmast","low predator",-0.305419639,0,52,-1.9627964
"340",19583,"KL_2017","2",4,0.953883495145631,0.909893722311245,-0.181424601,"nonmast","low predator",-0.273973508,2,26,-2.153429641
"341",19583,"KL_2017","1",4,0.953883495145631,0.909893722311245,-0.181424601,"nonmast","low predator",-0.273973508,2,381,0.449447297
"342",20804,"KL_2017","2",2,-0.046116504854369,0.00212673201998304,-1.234650603,"nonmast","low predator",0.512179766,0,310,-0.07112809
"343",20804,"KL_2017","1",3,-0.046116504854369,0.00212673201998304,0.740148151,"nonmast","low predator",0.512179766,0,310,-0.07112809
"344",12012,"KL_2017","1",2,2.95388349514563,8.72542770289377,0.47684165,"nonmast","low predator",0.103380063,0,190,-0.950973816
"345",22117,"KL_2017","2",2,-1.04611650485437,1.09435974172872,-0.049771351,"nonmast","low predator",-0.305419639,0,38,-2.065445068
"346",22117,"KL_2017","1",2,-1.04611650485437,1.09435974172872,-0.049771351,"nonmast","low predator",-0.305419639,0,252,-0.496386858
"347",25178,"KL_2021","1",4,NA,NA,-0.691576982,"nonmast","low predator",0.98387173,NA,240,-0.58437143
"348",24424,"KL_2021","2",3,-0.046116504854369,0.00212673201998304,-0.691576982,"nonmast","high predator",-0.179635115,0,300,-0.144448568
"349",24471,"KL_2021","2",3,-1.04611650485437,1.09435974172872,-0.691576982,"nonmast","low predator",0.040487801,0,240,-0.58437143
"350",23532,"KL_2021",NA,3,-0.046116504854369,0.00212673201998304,-0.691576982,"nonmast","low predator",-0.053850591,0,60,-1.904140018
"351",23532,"KL_2021","2",3,-0.046116504854369,0.00212673201998304,-0.691576982,"nonmast","low predator",-0.053850591,0,60,-1.904140018
"352",24591,"KL_2021","2",2,-1.04611650485437,1.09435974172872,-0.691576982,"nonmast","low predator",0.417841373,0,180,-1.024294293
"353",24591,"KL_2021","1",2,-1.04611650485437,1.09435974172872,0.642178626,"nonmast","low predator",0.417841373,0,120,-1.464217156
"354",25188,"KL_2021","2",4,NA,NA,2.309373137,"nonmast","low predator",0.040487801,NA,60,-1.904140018
"355",24818,"KL_2022","1",5,-0.046116504854369,0.00212673201998304,-0.350868175,"mast","high predator",NA,NA,60,-1.904140018
"356",24818,"KL_2022","2",1,-0.046116504854369,0.00212673201998304,-0.350868175,"mast","high predator",0.920979468,NA,60,-1.904140018
"357",24818,"KL_2022","1",5,-0.046116504854369,0.00212673201998304,-0.350868175,"mast","high predator",0.920979468,NA,60,-1.904140018
"358",24609,"KL_2022","1",5,-0.046116504854369,0.00212673201998304,-0.350868175,"mast","high predator",NA,NA,180,-1.024294293
"359",24424,"KL_2022","2",4,-0.046116504854369,0.00212673201998304,2.155333075,"mast","high predator",2.902085719,3,60,-1.904140018
"360",25186,"KL_2022","2",4,-1.04611650485437,1.09435974172872,-0.350868175,"mast","high predator",1.141102385,1,NA,NA
"361",24424,"KL_2022","1",5,-1.04611650485437,1.09435974172872,-0.350868175,"mast","low predator",2.902085719,3,120,-1.464217156
"362",25015,"KL_2022","1",5,-1.04611650485437,1.09435974172872,-0.350868175,"mast","high predator",3.310885421,4,120,-1.464217156
"363",25239,"KL_2022","2",5,-2.04611650485437,4.18659275143746,-0.350868175,"mast","high predator",NA,NA,180,-1.024294293
"364",25239,"KL_2022","1",5,-2.04611650485437,4.18659275143746,-0.350868175,"mast","high predator",NA,NA,120,-1.464217156
"365",25239,"KL_2022","1",4,-2.04611650485437,4.18659275143746,-0.350868175,"mast","high predator",NA,NA,NA,NA
"366",25275,"KL_2022","2",6,-2.04611650485437,4.18659275143746,-0.350868175,"mast","high predator",1.549902087,2,120,-1.464217156
"367",24256,"KL_2022","1",3,-0.046116504854369,0.00212673201998304,-0.350868175,"mast","high predator",2.430393754,1,NA,NA
"368",24591,"KL_2022","1",3,-0.046116504854369,0.00212673201998304,-0.350868175,"mast","high predator",0.700856552,0,NA,NA
"369",23869,"RR_2019","1",6,NA,NA,NA,"mast","low predator",2.902085719,NA,120,-1.464217156
"370",23869,"RR_2019","1",5,NA,NA,NA,"mast","low predator",1.046763992,NA,120,-1.464217156
"371",10133,"SU_2009","2",3,0.953883495145631,0.909893722311245,-0.385195753,"nonmast","high predator",0.889533337,1,85,-1.720838826
"372",10735,"SU_2009","2",3,-1.04611650485437,1.09435974172872,-0.888913276,"nonmast","high predator",0.858087206,0,NA,NA
"373",10735,"SU_2009","1",3,-1.04611650485437,1.09435974172872,-0.385195753,"nonmast","high predator",0.858087206,0,133,-1.368900535
"374",13666,"SU_2009","2",4,-1.04611650485437,1.09435974172872,0.11852177,"nonmast","high predator",1.203994647,3,121,-1.456885108
"375",13666,"SU_2009","1",4,-1.04611650485437,1.09435974172872,-0.385195753,"nonmast","high predator",1.203994647,3,45,-2.014120734
"376",10160,"SU_2009","2",2,0.953883495145631,0.909893722311245,-0.888913276,"nonmast","high predator",0.858087206,0,268,-0.379074094
"377",10160,"SU_2009","1",2,0.953883495145631,0.909893722311245,0.11852177,"nonmast","high predator",0.858087206,0,348,0.207489723
"378",10191,"SU_2009","2",4,0.953883495145631,0.909893722311245,3.140826911,"nonmast","high predator",2.2731631,0,122,-1.44955306
"379",10191,"SU_2009","1",5,0.953883495145631,0.909893722311245,0.622239293,"nonmast","high predator",2.2731631,0,58,-1.918804114
"380",10657,"SU_2009","2",3,-1.04611650485437,1.09435974172872,-0.385195753,"nonmast","high predator",0.449287504,1,300,-0.144448568
"381",20061,"SU_2016","2",3,-0.046116504854369,0.00212673201998304,-0.07236748,"nonmast","low predator",-0.682773211,0,335,0.112173102
"382",20060,"SU_2016","2",2,-1.04611650485437,1.09435974172872,0.904593499,"nonmast","low predator",-0.65132708,1,220,-0.731012385
"383",20060,"SU_2016","1",2,-1.04611650485437,1.09435974172872,-1.049328458,"nonmast","low predator",-0.65132708,1,300,-0.144448568
"384",12973,"SU_2016","2",2,1.95388349514563,3.81766071260251,1.555900817,"nonmast","low predator",-0.305419639,1,140,-1.317576202
"385",11976,"SU_2016","1",1,2.95388349514563,8.72542770289377,-1.049328458,"nonmast","low predator",-0.808557735,0,100,-1.61085811
"386",20044,"SU_2016","1",1,-0.046116504854369,0.00212673201998304,-1.049328458,"nonmast","low predator",-0.871449996,0,293,-0.195772902
"387",12435,"SU_2016","2",2,2.95388349514563,8.72542770289377,0.741766669,"nonmast","low predator",-0.242527377,1,28,-2.138765545
"388",12180,"SU_2016","2",3,1.95388349514563,3.81766071260251,0.25328618,"nonmast","low predator",-1.028680651,0,385,0.478775488
"389",19611,"SU_2016","2",3,-0.046116504854369,0.00212673201998304,0.09045935,"nonmast","low predator",-0.965788389,1,56,-1.933468209
"390",19611,"SU_2016","1",3,-0.046116504854369,0.00212673201998304,-1.049328458,"nonmast","low predator",-0.965788389,1,120,-1.464217156
"391",19862,"SU_2016","2",2,-0.046116504854369,0.00212673201998304,1.555900817,"nonmast","low predator",-0.588434818,0,NA,NA
"392",19862,"SU_2016","1",2,-0.046116504854369,0.00212673201998304,-1.049328458,"nonmast","low predator",-0.588434818,0,88,-1.698842683
"393",21273,"SU_2016","1",3,-1.04611650485437,1.09435974172872,-1.049328458,"nonmast","low predator",-0.965788389,0,124,-1.434888965
"394",21984,"SU_2016","1",3,-1.04611650485437,1.09435974172872,-1.049328458,"nonmast","low predator",-0.65132708,1,300,-0.144448568
"395",20061,"SU_2017","1",2,-0.046116504854369,0.00212673201998304,-1.057775073,"nonmast","low predator",-0.556988687,0,168,-1.112278866
"396",20061,"SU_2017","2",2,-1.04611650485437,1.09435974172872,-0.400239217,"nonmast","low predator",-0.556988687,0,133,-1.368900535
"397",12972,"SU_2017","1",1,2.95388349514563,8.72542770289377,0.421680604,"nonmast","low predator",0.071933932,0,386,0.486107536
"398",21907,"SU_2017","2",3,-0.046116504854369,0.00212673201998304,-1.057775073,"nonmast","low predator",0.040487801,1,238,-0.599035526
"399",20060,"SU_2017","2",2,-0.046116504854369,0.00212673201998304,0.421680604,"nonmast","low predator",-0.588434818,0,88,-1.698842683
"400",20060,"SU_2017","1",2,-0.046116504854369,0.00212673201998304,-1.057775073,"nonmast","low predator",-0.588434818,0,249,-0.518383001
"401",19742,"SU_2017","2",3,0.953883495145631,0.909893722311245,-1.057775073,"nonmast","low predator",-0.085296722,1,249,-0.518383001
"402",11576,"SU_2017","2",2,3.95388349514563,15.633194693185,-1.057775073,"nonmast","low predator",0.040487801,1,303,-0.122452424
"403",11576,"SU_2017","1",2,3.95388349514563,15.633194693185,1.736752315,"nonmast","low predator",0.040487801,1,312,-0.056463995
"404",21003,"SU_2017","1",2,-0.046116504854369,0.00212673201998304,2.065520244,"nonmast","low predator",0.292056849,0,143,-1.295580058
"405",21867,"SU_2017","1",2,-1.04611650485437,1.09435974172872,0.914832495,"nonmast","low predator",0.00904167,0,176,-1.053622484
"406",12003,"SU_2017","1",2,2.95388349514563,8.72542770289377,0.914832495,"nonmast","low predator",0.166272325,1,96,-1.640186301
"407",21364,"SU_2017","1",2,-0.046116504854369,0.00212673201998304,0.750448531,"nonmast","low predator",-0.179635115,0,65,-1.86747978
"408",12180,"SU_2017","2",1,2.95388349514563,8.72542770289377,0.25729664,"nonmast","low predator",-0.33686577,0,180,-1.024294293
"409",12180,"SU_2017","1",1,2.95388349514563,8.72542770289377,0.25729664,"nonmast","low predator",-0.33686577,0,67,-1.852815684
"410",19611,"SU_2017","2",3,0.953883495145631,0.909893722311245,-0.235855253,"nonmast","low predator",-0.588434818,1,194,-0.921645625
"411",19611,"SU_2017","1",3,0.953883495145631,0.909893722311245,-1.057775073,"nonmast","low predator",-0.588434818,1,155,-1.207595486
"412",21273,"SU_2017","2",4,-0.046116504854369,0.00212673201998304,0.750448531,"nonmast","low predator",-0.399758032,0,109,-1.544869681
"413",21273,"SU_2017","1",4,-0.046116504854369,0.00212673201998304,0.750448531,"nonmast","low predator",-0.399758032,0,51,-1.970128448
"414",21908,"SU_2017","1",3,-0.046116504854369,0.00212673201998304,0.586064567,"nonmast","low predator",-0.085296722,0,347,0.200157675
"415",21984,"SU_2017","1",3,-0.046116504854369,0.00212673201998304,-0.400239217,"nonmast","low predator",-0.085296722,0,234,-0.628363717
"416",21169,"SU_2017","1",3,-1.04611650485437,1.09435974172872,0.914832495,"nonmast","low predator",0.00904167,0,52,-1.9627964
"417",21984,"SU_2017","2",3,-1.04611650485437,1.09435974172872,-1.057775073,"nonmast","low predator",-0.085296722,0,270,-0.364409999
"418",23904,"SU_2019","1",3,NA,NA,NA,"mast","low predator",NA,NA,240,-0.58437143
"419",23902,"SU_2019","1",2,NA,NA,NA,"mast","low predator",2.367501492,NA,300,-0.144448568
"420",25386,"SU_2022","2",4,-1.04611650485437,1.09435974172872,4.477215043,"mast","high predator",3.090762504,NA,240,-0.58437143
"421",25409,"SU_2022","2",4,-1.04611650485437,1.09435974172872,-0.213200716,"mast","high predator",NA,NA,NA,NA
"422",25409,"SU_2022","1",4,-1.04611650485437,1.09435974172872,-0.213200716,"mast","high predator",NA,NA,180,-1.024294293
"423",25486,"SU_2022","1",3,-2.04611650485437,4.18659275143746,-0.213200716,"mast","high predator",3.373777683,0,NA,NA
