"squirrel_id","percent_return","observations","ALR","LRS","LBS","litter_id","litter_size","year","field_bdate","n1_date","tag_date","grid","locx","locy","ln","food","father_id","mother_byear","mother_bcert","maternal_grandma_id","mom_dates","mom_datee","dam_age","julian","mom_longevity.x","litter_fit","ARS","std_ls","std_ARS","mean_growthRate","yrf","std_growth","std_julian","std_litter_fit","average_latency","mast_encounter","mast_encounter1","mom_longevity.y","exp","scaled_lat","scaled_long"
8297,100,2,2,2,12,3853,3,2007,"6/16/07","7/2/07","7/11/07","KL","1.5",3.5,1,0,10176,2006,"Y",10137,"3/31/06","5/26/08",1,167,786,1,1,-0.583347104,0.983050847,0.759259259,2007,-2.871617873,1.778122101,0.983050847,234.5,0,"no",786,0,-0.628358175,-0.953811055
8330,50,1,2,3,23,3572,2,2006,"3/31/06","4/8/06","5/1/06","KL","10",11,1,0,8574,2005,"Y",NA,"7/17/05","8/13/08",1,90,1123,0,0,-2.376635378,0,2.606521739,2006,1.405401455,-0.09047643,0,420,0,"no",1123,0,0.941763647,-0.445944276
8385,0,1,0,0,6,4173,3,2008,"4/30/08","4/30/08","5/25/08","KL","13",14,1,0,8745,2007,"Y",8330,"5/3/07","5/29/08",1,121,392,0,0,-0.397904673,0,1.868,2008,0.360355259,0.459758245,0,420,0,"no",392,0,0.941763647,-1.547578149
8572,100,2,2,2,18,3573,3,2006,"4/2/06","4/16/06","4/27/06","KL","-6",3,1,0,NA,2005,"Y",NA,"7/31/05","8/15/08",1,92,1111,0,0,-0.822681477,0,1.909090909,2006,-0.41415714,0.022067422,0,179.5,0,"no",1111,0,-1.093892947,-0.464028553
8576,100,1,3,11,40,3280,4,2005,"5/22/05","5/23/05",NA,"KL","5",11,1,0,NA,2004,"Y",6072,"5/3/04","8/15/08",1,142,1565,0,2,0.094206426,1.140350877,NA,2005,NA,-0.694666164,0,120,1,"yes",1565,0,-1.597516927,0.220159926
8592,100,1,3,0,8,4177,4,2008,"4/14/08","4/15/08",NA,"KL","-6",12,1,0,NA,2005,"Y",6392,"5/24/05","9/2/08",3,105,1197,0,0,1.377362329,0,NA,2008,NA,-0.745483708,0,355,0,"no",1197,0,0.391586189,-0.334424568
8648,66.66666667,3,2,2,13,3576,3,2006,"3/31/06","4/5/06","4/30/06","KL","12",17,1,0,NA,2005,"Y",NA,"7/26/05","8/15/08",1,90,1116,0,0,-0.822681477,0,NA,2006,NA,-0.09047643,0,191.3333333,0,"no",1116,0,-0.993732435,-0.456493438
8680,100,1,0,0,6,4181,3,2008,"4/30/08","4/30/08","5/26/08","KL","2",7.5,1,0,10178,2006,"N",NA,"7/5/07","8/15/08",2,121,407,0,0,-0.397904673,0,1.388461538,2008,-1.569190973,0.459758245,0,9,0,"no",407,0,-2.53705074,-1.524972803
8727,0,1,3,8,37,3282,4,2005,"6/9/05","6/11/05","7/19/05","KL","-1",10,1,0,NA,2004,"Y",6055,"5/14/04","10/8/08",1,160,1608,4,4,0.094206426,2.280701754,1.144736842,2005,-1.097727458,-0.118241049,2.921348315,420,1,"yes",1608,0,0.941763647,0.284961918
8732,100,1,0,0,2,4183,2,2008,"4/26/08","4/26/08","5/21/08","KL","-7",11,1,0,10274,2006,"N",NA,"7/5/07","10/8/08",2,117,461,0,0,-2.173171674,0,1.45,2008,-1.321575159,0.158447757,0,32,0,"no",461,0,-2.342372562,-1.443593556
8733,100,2,2,0,13,3861,2,2007,"6/11/07","6/14/07","7/9/07","KL","3",13,1,0,NA,2005,"Y",6956,"7/11/05","10/9/08",2,162,1186,0,0,-1.608623832,0,1.518,2007,-0.838034203,1.483124727,0,222.5,0,"no",1186,NA,-0.729929398,-0.351001822
10131,0,1,2,6,18,3580,3,2006,"4/30/06","5/15/06","5/27/06","KL","16",1,1,0,7201,2005,"Y",6391,"5/31/05","4/9/09",1,120,1409,0,0,-0.822681477,0,2.116666667,2006,0.127396571,1.59768135,0,420,0,"no",1409,0,0.941763647,-0.014935675
10133,50,2,4,10,19,3662,2,2006,"4/9/06","4/23/06","5/10/06","SU","2",1,1,0,7249,2005,"Y",7307,"5/31/05","8/15/09",1,99,1537,0,0,-1.300052304,0,2.855882353,2006,1.38846261,-0.032460662,0,252.5,0,"no",1537,0,-0.476001341,0.177963279
10137,25,1,4,3,20,3581,3,2006,"3/31/06","4/4/06","5/1/06","KL","-3",5,1,0,8729,2005,"Y",6617,"6/11/05","7/9/09",1,90,1489,1,1,-0.822681477,1.342105263,2.47037037,2006,1.050190038,-0.09047643,1.342105263,420,0,"no",1489,0,0.941763647,0.105626171
10140,0,1,3,5,23,3582,2,2006,"3/21/06","3/22/06","4/21/06","KL","8",10,1,0,NA,2005,"Y",7609,"7/4/05","8/15/09",1,80,1503,0,0,-2.376635378,0,2.389986092,2006,0.840471886,-0.65319569,0,420,0,"no",1503,0,0.941763647,0.126724494
10145,66.66666667,3,3,4,18,3866,3,2007,"5/2/07","5/27/07","5/27/07","KL","7",20.5,2,0,10161,2005,"N",NA,"4/25/06","6/24/09",2,122,1156,2,2,-0.583347104,1.966101695,NA,2007,NA,-0.876854263,1.966101695,251.6666667,0,"no",1156,0,-0.483054898,-0.396212515
10160,100,2,4,8,18,3969,4,2007,"6/5/07","6/14/07","7/5/07","SU","10.5",10.5,1,0,NA,2005,"Y",7643,"5/26/05","4/18/10",2,156,1788,4,4,0.934164739,3.849056604,1.008333333,2007,-1.488262776,-0.005995959,4,308,0,"no",1788,0,-0.006234434,0.556226073
10181,100,3,3,15,36,3583,4,2006,"4/13/06","4/18/06","5/14/06","KL","10",2,1,0,7897,2005,"Y",6501,"7/19/05","6/24/09",1,103,1436,2,2,0.731272424,2.684210526,2.433333333,2006,0.95356245,0.641058608,2.684210526,34.33333333,0,"no",1436,0,-2.322622602,0.025753948
10182,20,2,5,9,29,3869,3,2007,"5/6/07","5/12/07","5/31/07","KL","13.5",15,1,0,NA,2005,"Y",6500,"7/24/05","8/5/12",2,126,2569,0,0,-0.583347104,0,1.849122807,2007,0.049444084,-0.640856364,0,358.2,0,"yes",2569,NA,0.418671848,1.733211099
10183,100,3,3,7,21,3870,3,2007,"5/9/07","5/23/07","6/5/07","KL","7.5",1.5,1,0,NA,2005,"Y",6500,"7/24/05","7/4/09",2,129,1441,2,2,-0.583347104,1.966101695,2.379487179,2007,1.470931384,-0.463857939,1.966101695,104.3333333,0,"no",1441,NA,-1.730123802,0.033289063
10184,0,1,4,1,19,4193,4,2008,"4/5/08","4/6/08",NA,"KL","-1.1",1.5,1,0,NA,2006,"Y",7451,"3/17/06","5/15/11",2,96,1884,0,0,1.377362329,0,NA,2008,NA,-1.423432306,0,420,0,"yes",1884,0,0.941763647,0.700900289
10191,100,2,6,23,55,3970,3,2007,"5/18/07","5/19/07",NA,"SU","11.5",8,1,0,NA,2005,"Y",7387,"6/2/05","10/5/12",2,138,2682,0,1,-0.353467739,0.962264151,NA,2007,NA,-0.923377724,0,90,0,"yes",2682,0,-1.851444985,1.903504708
10265,75,4,2,5,32,3871,5,2007,"6/10/07","6/15/07","7/5/07","KL","15",6,1,0,NA,2005,"N",NA,"8/16/06","6/28/09",2,161,1047,1,1,1.467206352,0.983050847,2.2425,2007,1.10377713,1.424125253,0.983050847,187.5,0,"no",1047,0,-1.026178798,-0.560478031
10317,50,3,3,0,18,4196,3,2008,"4/20/08","4/20/08","5/15/08","KL","-4",9,1,0,10146,2006,"Y",7291,"4/2/06","7/22/09",2,111,1206,0,0,-0.397904673,0,1.786666667,2008,0.033089691,-0.293517976,0,265.5,0,"no",1206,0,-0.365965849,-0.320861361
10318,100,4,7,19,46,3872,1,2007,"5/29/07","5/31/07","6/23/07","KL","8",1,1,0,7412,2006,"Y",10181,"4/13/06","8/3/13",1,149,2669,1,1,-2.63390056,0.983050847,2.22173913,2007,1.048133663,0.716131556,0.983050847,69.75,0,"yes",2669,0,-2.022846424,1.883913407
10342,66.66666667,3,7,18,37,4198,2,2008,"5/4/08","5/13/08","5/29/08","KL","7.5",1.5,1,0,7897,2007,"Y",10183,"5/9/07","5/23/15",1,125,2936,1,1,-2.173171674,2.416666667,2.3375,2008,2.249509161,0.761068733,2.416666667,196.6666667,0,"yes",2936,0,-0.94858967,2.28628857
10362,0,1,1,0,3,4551,3,2009,"5/29/09","5/30/09",NA,"SU","9",15,1,0,NA,2007,"Y",NA,"8/6/07","8/15/09",2,149,740,0,0,-0.410259163,0,NA,2009,NA,-0.980181069,0,420,0,"no",740,NA,0.941763647,-1.023134117
10374,100,1,7,9,39,4471,3,2009,"5/15/09","5/17/09","6/9/09","KL","12",8,1,0,8745,2007,"Y",7833,"5/8/07","8/15/15",2,135,3021,1,1,-0.491289934,1.323529412,1.405797101,2009,-0.612837407,-0.936040079,1.323529412,398,0,"yes",3021,0,0.755549738,2.414385532
10375,50,3,3,11,25,4200,3,2008,"4/26/08","4/26/08","5/22/08","KL","12.5",1,1,0,10192,2007,"Y",7833,"5/8/07","5/23/12",1,117,1842,0,0,-0.397904673,0,2.236538462,2008,1.843264466,0.158447757,0,264.75,0,"yes",1842,0,-0.37231405,0.637605319
10377,100,2,2,6,9,4473,3,2009,"5/31/09","6/2/09","6/25/09","KL","8",11,1,0,11203,2007,"Y",10140,"5/7/07","8/15/09",2,151,831,2,2,-0.491289934,2.647058824,1.652173913,2009,0.224644181,0.11700501,2.647058824,324,0,"no",831,NA,0.129193863,-0.885995016
10391,100,4,3,5,19,4202,3,2008,"4/30/08","5/5/08","5/29/08","KL","-5",3.5,1,0,NA,2007,"Y",8572,"5/2/07","8/16/10",1,121,1202,1,1,-0.397904673,2.416666667,1.784722222,2008,0.025265719,0.459758245,2.416666667,193.5,0,"yes",1202,0,-0.975393187,-0.326889453
10405,0,1,2,0,2,4552,2,2009,"6/12/09","6/13/09","7/7/09","SU","15",11,1,0,10343,2007,"Y",10160,"6/5/07","7/30/09",2,163,786,0,0,-1.406602843,0,1.479166667,2009,-0.451304476,-0.230074656,0,420,0,"no",786,NA,0.941763647,-0.953811055
10408,33.33333333,2,2,3,12,4203,3,2008,"4/23/08","4/23/08","5/19/08","KL","4",3.5,1,0,10275,2007,"Y",7827,"5/3/07","6/9/09",1,114,768,1,1,-0.397904673,2.416666667,1.491025641,2008,-1.156497949,-0.067535109,2.416666667,325,0,"no",768,0,0.137658131,-0.98093747
10461,100,1,1,0,3,4476,3,2009,"6/19/09","6/23/09",NA,"KL","-4",14,1,0,NA,2008,"Y",10391,"4/30/08","6/10/10",1,170,771,0,0,-0.491289934,0,NA,2009,NA,1.367496053,0,105,0,"no",771,0,-1.724480956,-0.976416401
10517,50,2,0,3,9,4478,3,2009,"5/28/09","5/30/09","6/22/09","KL","15",3,1,0,8745,2007,"N",NA,"7/13/08","7/21/09",2,148,373,1,1,-0.491289934,1.323529412,1.492753623,2009,-0.31725567,-0.080440944,1.323529412,277.5,0,"no",373,NA,-0.264394626,-1.576211588
10657,50,2,1,1,5,4300,2,2008,"5/2/08","5/4/08","5/25/08","SU","20",3,1,0,NA,2007,"Y",10191,"7/3/07","4/18/10",1,123,1020,0,0,-1.371403283,0,NA,2008,NA,0.564660825,0,360,0,"no",1020,0,0.433907532,-0.601167654
10686,0,1,3,34,42,4205,3,2008,"4/15/08","4/15/08","5/10/08","KL","12",10,1,0,8745,2007,"N",NA,"2/19/08","3/28/12",1,106,1498,3,3,-0.397904673,7.25,1.437333333,2008,-1.372542747,-0.670156086,7.25,420,0,"yes",1498,0,0.941763647,0.119189379
10722,100,1,0,1,3,4206,3,2008,"5/8/08","5/8/08","6/3/08","KL","-2",15,1,0,NA,2006,"N",NA,"5/28/07","4/10/09",2,129,683,1,1,-0.397904673,2.416666667,1.757692308,2008,-0.083496088,1.062379221,2.416666667,205,0,"no",683,0,-0.878054098,-1.109034432
10735,100,1,1,0,6,4555,3,2009,"6/8/09","6/11/09","7/5/09","SU","1",19,1,0,NA,2007,"N",NA,"5/19/08","8/15/09",2,159,453,0,0,-0.410259163,0,1.333333333,2009,-0.859831133,-0.444390774,0,133,0,"no",453,NA,-1.487481436,-1.455649741
10746,0,1,2,0,19,4207,4,2008,"4/20/08","5/18/08","5/18/08","KL","16",9,1,0,10736,2007,"N",NA,"4/2/08","10/6/10",1,111,917,0,0,1.377362329,0,NA,2008,NA,-0.293517976,0,420,0,"yes",917,0,0.941763647,-0.756391031
10748,66.66666667,3,2,0,7,4208,2,2008,"5/6/08","5/6/08","6/3/08","KL","4.5",5.5,1,0,8609,2007,"Y",7827,"5/3/07","6/6/09",1,127,765,0,0,-2.173171674,0,1.701785714,2008,-0.308450633,0.911723977,0,262.6666667,0,"no",765,0,-0.389947943,-0.98545854
10754,50,2,1,1,3,4482,3,2009,"6/15/09","6/18/09","7/11/09","KL","8",18,1,0,10760,2008,"Y",8445,"2/24/08","8/15/09",1,166,537,1,1,-0.491289934,1.323529412,1.52173913,2009,-0.218728425,1.104234781,1.323529412,360,0,"no",537,0,0.433907532,-1.329059802
10759,100,1,1,0,4,4483,4,2009,"6/19/09","6/23/09",NA,"KL","-2",15,1,0,NA,2008,"Y",10722,"5/8/08","8/15/09",1,170,464,0,0,1.087856282,0,NA,2009,NA,1.367496053,0,373,0,"no",464,0,0.543943023,-1.439072487
10818,0,1,3,16,42,4484,3,2009,"6/11/09","6/16/09","7/6/09","KL","-7",12,1,0,NA,2008,"N",NA,"5/9/09","8/15/12",1,162,1194,2,2,-0.491289934,2.647058824,1.916666667,2009,1.123705297,0.840973509,2.647058824,420,0,"yes",1194,0,0.941763647,-0.338945638
11020,0,1,4,0,3,6084,1,2015,"3/7/15","3/12/15","4/1/15","KL","-5",13,1,0,NA,2012,"Y",11775,"4/16/12","9/15/16",3,66,1613,0,0,-2.087035109,0,2.285,2015,1.0119494,-1.279367304,0,420,0,"no",1613,0,0.941763647,0.292497033
11059,100,1,6,22,38,4969,3,2011,"3/16/11","3/20/11",NA,"AG","13",13.5,1,0,NA,2009,"Y",10215,"4/24/09","8/23/16",2,75,2678,0,0,-0.289885518,0,NA,2011,NA,-0.901846639,0,370,0,"yes",2678,1,0.518550218,1.897476615
11177,50,2,1,0,6,4487,3,2009,"6/14/09","6/17/09","7/6/09","KL","10",1,1,0,10341,2008,"Y",10181,"4/13/08","8/13/09",1,165,487,0,0,-0.491289934,0,1.631578947,2009,0.15463798,1.038419463,0,362,0,"no",487,0,0.450836069,-1.404410956
11256,0,1,6,28,51,5173,4,2011,"3/29/11","4/1/11","4/24/11","KL","4.5",5.5,1,0,8760,2009,"Y",10181,"5/11/09","9/15/16",2,88,2684,3,3,0.354001012,2.916666667,1.45326087,2011,-0.755836996,-0.660866411,3.134328358,420,0,"yes",2684,0,0.941763647,1.906518754
11576,100,2,6,7,23,5624,2,2012,"5/1/12","5/5/12","5/27/12","SU","3.5",4,1,0,11434,2010,"Y",13666,"8/17/10","5/15/18",2,122,2828,0,0,-1.259395635,0,2.036363636,2012,1.654803501,0.151081456,0,307.5,0,"yes",2828,0,-0.010466569,2.123530077
11678,100,1,7,10,28,5104,4,2011,"3/23/11","3/27/11",NA,"JO","17",10,1,0,NA,2010,"Y",10593,"4/5/10","8/15/18",1,82,3054,0,0,1.045166714,0,NA,2011,NA,-0.505253046,0,65,0,"yes",3054,0,-2.063051699,2.464117294
11720,50,1,5,1,19,5443,4,2012,"3/27/12","3/29/12",NA,"JO","12",16.5,1,0,NA,2010,"Y",12060,"4/23/10","8/15/16",2,87,2306,0,0,0.404724375,0,NA,2012,NA,-1.417214087,0,420,0,"yes",2306,0,0.941763647,1.336864029
11726,100,2,5,3,35,5106,3,2011,"3/25/11","4/18/11","4/18/11","JO","13.5",4,1,0,NA,2011,"N",NA,"3/5/12","5/15/18",0,84,2261,0,0,-0.107196586,0,NA,2011,NA,-0.40062994,0,57,0,"yes",2261,0,-2.130765848,1.26904799
11737,75,3,6,14,41,4986,4,2011,"3/31/11","4/5/11",NA,"AG","10",9,1,0,NA,2010,"Y",10344,"4/21/10","6/27/17",1,90,2624,0,0,0.724713795,0,NA,2011,NA,-0.055420743,0,225,0,"yes",2624,1,-0.708768727,1.816097369
11775,0,1,6,26,40,5186,3,2011,"3/30/11","4/8/11","4/26/11","KL","2.5",5.5,1,0,11955,2010,"Y",10318,"4/30/10","5/16/17",1,89,2573,0,0,-0.723393372,0,2.433333333,2011,1.425357939,-0.605662773,0,420,0,"yes",2573,0,0.941763647,1.739239192
11976,100,1,5,12,22,5297,2,2011,"3/31/11","5/1/11","5/1/11","SU","2.5",1,1,0,10878,2010,"Y",11536,"8/6/10","10/1/17",1,90,2613,1,1,-1.095575167,1.833333333,NA,2011,NA,-0.241267724,1.833333333,100,0,"yes",2613,0,-1.766802299,1.799520115
11998,0,1,6,23,23,5633,3,2012,"5/6/12","5/31/12","5/31/12","SU","5",11.5,1,0,12029,2010,"N",NA,"5/1/11","6/8/17",2,127,2230,1,1,0.119942441,2.19047619,NA,2012,NA,0.488447815,2.19047619,420,0,"yes",2230,0,0.941763647,1.222330275
12003,33.33333333,2,6,3,21,5634,1,2012,"4/15/12","5/17/12","5/17/12","SU","4.5",2.5,1,0,10878,2010,"Y",11536,"8/6/10","10/1/17",2,106,2613,1,1,-2.638733712,2.19047619,NA,2012,NA,-0.928490892,2.19047619,312,0,"yes",2613,0,0.02762264,1.799520115
12012,100,1,5,2,8,6030,3,2014,"7/30/14","7/31/14","8/27/14","KL","N.0",6,3,0,19884,2011,"Y",NA,"5/25/11","6/4/17",3,211,2202,1,1,-0.695813636,0.588477366,2.17654321,2014,1.465756409,2.030109549,0.899371069,190,1,"yes",2202,0,-1.005018127,1.180133628
12026,0,NA,NA,NA,NA,NA,NA,NA,NA,NA,NA,NA,NA,NA,NA,NA,NA,NA,NA,NA,NA,NA,NA,NA,NA,NA,NA,NA,NA,NA,NA,NA,NA,NA,NA,0,"yes",1994,0,NA,NA
12037,0,1,6,3,19,5469,3,2012,"4/7/12","4/7/12",NA,"JO","11",10.5,1,0,NA,2010,"Y",11036,"7/10/10","6/27/17",2,98,2544,0,0,-0.562117188,0,NA,2012,NA,-0.962282113,0,420,0,"yes",2544,0,0.941763647,1.695535522
12082,0,1,4,3,14,31,3,2013,"4/7/13","4/15/13","4/30/13","AG","1",18,1,1,NA,2010,"N",NA,"5/26/11","3/22/16",3,97,1762,1,1,-0.180763559,1.012048193,2.982222222,2013,1.999444266,-0.345216955,1.012048193,420,0,"yes",1762,1,0.941763647,0.517043473
12095,50,2,5,9,15,5364,2,2012,"5/4/12","5/7/12","5/29/12","AG","3.5",0,1,0,12555,2010,"N",NA,"5/30/11","6/4/18",2,125,2562,1,1,-1.330726896,0.93814433,2.122727273,2012,0.654810103,0.518441409,1.011111111,241,0,"yes",2562,1,-0.573340429,1.722661938
12180,100,3,5,0,39,5636,3,2012,"5/16/12","6/9/12","6/9/12","SU","11.5",15,1,0,12550,2011,"N",NA,"3/26/12","9/30/18",1,137,2379,0,0,0.119942441,0,NA,2012,NA,1.163180533,0,210.6666667,0,"yes",2379,0,-0.83008991,1.446876714
12269,50,1,4,2,7,5855,4,2014,"5/24/14","5/26/14","6/19/14","AG","J.5",18,1,0,NA,2012,"Y",12606,"3/28/12","8/23/16",2,144,1609,1,1,0.439120705,0.863013699,1.235416667,2014,-0.923156498,-0.177958564,1.35483871,420,1,"yes",1609,1,0.941763647,0.286468941
12305,0,1,5,8,31,5197,3,2011,"4/13/11","4/27/11","4/27/11","KL","6",8,1,0,12364,2010,"Y",11254,"6/15/10","9/27/16",1,103,2296,0,0,-0.723393372,0,NA,2011,NA,0.167188161,0,420,0,"yes",2296,0,0.941763647,1.321793798
12318,0,1,6,4,10,14,2,2013,"4/5/13","4/6/13","4/29/13","JO","10",18,1,0,NA,2010,"Y",10841,"6/26/10","3/27/18",3,95,2831,2,2,-1.262438117,5.368421053,1.732608696,2013,0.643283659,-1.63121808,5.368421053,420,0,"yes",2831,0,0.941763647,2.128051147
12357,0,1,6,3,20,5477,3,2012,"5/16/12","5/21/12","6/9/12","JO","8",15.5,2,0,NA,2010,"Y",11047,"5/18/10","8/15/18",2,137,3011,0,0,-0.562117188,0,2.035087719,2012,0.92083618,0.65065852,0,420,0,"yes",3011,0,0.941763647,2.399315301
12427,50,1,5,0,9,5549,3,2012,"4/27/12","4/29/12",NA,"KL","11.5",20,1,0,NA,2010,"Y",11344,"8/1/10","6/30/17",2,118,2525,0,0,-0.378214856,0,NA,2012,NA,-0.420380732,0,420,0,"no",2525,0,0.941763647,1.666902084
12435,100,1,5,5,24,5643,3,2012,"4/16/12","5/15/12","5/15/12","SU","14.5",11,1,0,12000,2010,"Y",11690,"8/9/10","5/15/18",2,107,2836,1,1,0.119942441,2.19047619,NA,2012,NA,-0.86101762,2.19047619,28,0,"yes",2836,0,-2.376229637,2.135586262
12604,33.33333333,2,6,1,17,5381,3,2012,"4/15/12","4/24/12",NA,"AG","8.5",16,1,0,NA,2010,"Y",11192,"7/17/10","4/19/18",2,106,2833,0,0,-0.39199707,0,NA,2012,NA,-0.300175208,0,352.3333333,0,"yes",2833,1,0.369014806,2.131065193
12605,50,2,6,1,15,5382,2,2012,"4/17/12","4/18/12","5/9/12","AG","9.5",17.5,1,0,NA,2010,"Y",11192,"7/17/10","7/12/17",2,108,2552,0,0,-1.330726896,0,1.814285714,2012,-0.164234979,-0.214005038,0,411,0,"yes",2552,1,0.865585229,1.707591707
12700,0,1,5,2,23,5143,4,2011,"4/5/11","4/20/11",NA,"JO","7.5",14,1,0,NA,2010,"N",NA,"4/20/11","5/21/16",1,95,1858,0,0,1.045166714,0,NA,2011,NA,0.17479714,0,420,0,"yes",1858,0,0.941763647,0.661717688
12731,100,2,5,10,19,5390,3,2012,"5/1/12","5/2/12",NA,"AG","22",3,1,0,NA,2011,"Y",10762,"3/7/11","8/27/16",1,122,1999,0,0,-0.39199707,0,NA,2012,NA,0.389186153,0,300,0,"yes",1999,1,-0.073948583,0.874207943
12837,50,2,4,3,16,5969,5,2014,"7/3/14","7/6/14",NA,"AG","R.0",1,3,1,NA,2012,"Y",12038,"3/10/12","6/17/16",2,184,1559,0,1,1.338609892,0.863013699,NA,2014,NA,0.770150489,0,266,1,"yes",1559,1,-0.361733715,0.211117787
12939,100,3,4,1,11,5736,3,2014,"4/29/14","5/4/14","5/25/14","AG","F.0",0,1,1,NA,2012,"Y",10650,"5/28/12","6/5/17",2,119,1834,1,1,-0.460368481,0.863013699,1.849206349,2014,0.482582814,-0.770526723,1.35483871,103.3333333,1,"yes",1834,1,-1.73858807,0.625549134
12972,50,2,6,2,9,5797,3,2014,"5/12/14","5/14/14","6/11/14","SU","0.5",19,1,0,NA,2011,"Y",11997,"4/2/11","5/15/18",3,132,2600,1,1,-0.372660086,0.611111111,1.961904762,2014,0.869696248,-0.530185983,1.095238095,403,1,"yes",2600,0,0.797871081,1.779928815
12973,50,2,5,9,24,5648,3,2012,"5/21/12","5/26/12","6/15/12","SU","0.5",17.5,1,0,11578,2011,"Y",11997,"4/2/11","8/15/17",1,142,2327,0,0,0.119942441,0,1.395,2012,-0.674442008,1.500546892,0,280,0,"yes",2327,0,-0.243233955,1.368511514
13023,50,2,7,6,20,42,2,2013,"4/18/13","4/19/13","5/13/13","AG","19",8.5,1,1,12601,2011,"Y",11855,"4/16/11","7/4/18",2,108,2636,2,2,-1.561139828,2.024096386,1.985416667,2013,0.085826419,0.336365238,2.024096386,360,0,"yes",2636,1,0.433907532,1.834181646
13097,0,1,5,1,4,5810,1,2014,"6/11/14","6/20/14","7/6/14","SU","H.5",10.5,1,0,13132,2011,"Y",12524,"3/14/11","5/15/17",3,162,2254,1,1,-2.353082255,0.611111111,1.21875,2014,-0.963264242,0.447964627,1.095238095,420,1,"yes",2254,0,0.941763647,1.258498829
13140,100,2,5,2,11,5772,2,2014,"5/8/14","5/10/14","6/5/14","AG","J.0",7.5,1,1,NA,2012,"Y",11737,"4/1/12","6/6/18",2,128,2257,0,0,-1.359857668,0,2.338461538,2014,1.603105482,-0.557202186,0,90,1,"yes",2257,1,-1.851444985,1.263019898
13208,80,4,5,2,20,5672,4,2014,"4/28/14","4/29/14",NA,"JO","Q.5",1.5,1,0,NA,2012,"Y",NA,"5/19/12","7/25/18",2,118,2258,0,1,0.651792056,0.680672269,NA,2014,NA,-1.046556455,0,203.2,1,"yes",2258,0,-0.893289782,1.264526921
13215,50,1,4,7,24,5397,4,2012,"5/22/12","5/28/12","6/21/12","AG","18.5",19.5,2,0,NA,2011,"N",NA,"3/11/12","7/4/16",1,143,1575,3,3,0.546732756,2.81443299,1.391666667,2012,-1.286470434,1.293972941,3.033333333,420,0,"yes",1575,1,0.941763647,0.235230156
13228,25,2,6,2,14,5822,3,2014,"5/25/14","5/25/14",NA,"JO","A.0",4.5,1,0,NA,2012,"Y",11306,"3/21/12","6/12/18",2,145,2274,0,1,-0.635894689,0.680672269,NA,2014,NA,-0.173294735,0,341.5,1,"yes",2274,0,0.277318563,1.28863929
13229,50,2,4,3,9,5823,4,2014,"6/11/14","6/11/14","7/7/14","JO","B.0",4.5,1,0,NA,2012,"Y",11306,"3/21/12","8/15/18",2,162,2338,2,2,0.651792056,1.361344538,1.726923077,2014,0.330912803,0.376536718,2.076923077,254.5,1,"yes",2338,0,-0.459072803,1.385088767
13246,50,2,4,6,12,5892,5,2014,"5/28/14","5/29/14",NA,"AG","F.0",19.5,2,1,NA,2012,"Y",NA,"5/29/12","7/10/17",2,148,1868,0,2,1.338609892,1.726027397,NA,2014,NA,-0.083147659,0,229.5,1,"yes",1868,1,-0.670679518,0.676787919
13257,75,NA,NA,NA,NA,NA,NA,NA,NA,NA,NA,NA,NA,NA,NA,NA,NA,NA,NA,NA,NA,NA,NA,NA,NA,NA,NA,NA,NA,NA,NA,NA,NA,NA,NA,0,"yes",2119,1,NA,NA
13267,50,1,3,0,6,5753,1,2014,"5/5/14","5/7/14",NA,"AG","I.5",21.5,1,1,NA,2012,"Y",NA,"5/26/12","5/15/16",2,125,1450,0,0,-2.259346855,0,NA,2014,NA,-0.628310365,0,420,1,"yes",1450,1,0.941763647,0.046852271
13268,0,1,4,0,8,5783,2,2014,"5/8/14","5/11/14","6/3/14","AG","H.0",13.5,1,1,NA,2012,"Y",NA,"5/26/12","6/4/17",2,128,1835,0,0,-1.359857668,0,1.62173913,2014,-0.03837676,-0.557202186,0,420,1,"yes",1835,1,0.941763647,0.627056158
13288,50,2,4,5,11,5898,3,2014,"6/5/14","6/5/14","7/3/14","KL","A.0",15.5,1,0,20180,2012,"Y",11220,"4/17/12","6/1/16",2,156,1506,2,2,-0.695813636,1.176954733,1.821428571,2014,0.604296895,0.21899208,1.798742138,283,1,"yes",1506,0,-0.217841149,0.131245564
13293,0,1,5,2,5,5841,3,2014,"5/16/14","5/18/14","6/10/14","JO","O.0",19,1,0,NA,2012,"Y",11057,"4/9/12","8/15/17",2,136,1954,1,1,-0.635894689,0.680672269,1.427536232,2014,-0.491391761,-0.464381975,1.038461538,420,1,"yes",1954,0,0.941763647,0.806391904
13305,100,1,4,9,18,5728,4,2014,"4/29/14","5/1/14","5/24/14","KL","K.0",7.5,1,0,12006,2012,"Y",12625,"4/27/12","6/12/16",2,119,1507,3,3,0.42217906,1.765432099,1.481521739,2014,-0.220270562,-0.999396035,2.698113208,107,1,"yes",1507,0,-1.707552419,0.132752587
13412,0,1,3,12,22,5805,4,2014,"5/15/14","5/17/14",NA,"KL","-7.5",12.5,1,0,NA,2012,"Y",10818,"5/9/12","6/11/17",2,135,1859,0,3,0.42217906,1.765432099,NA,2014,NA,-0.472525498,0,420,1,"yes",1859,0,0.941763647,0.663224711
13427,66.66666667,NA,NA,NA,NA,NA,NA,NA,NA,NA,NA,NA,NA,NA,NA,NA,NA,NA,NA,NA,NA,NA,NA,NA,NA,NA,NA,NA,NA,NA,NA,NA,NA,NA,NA,0,"yes",2958,0,NA,NA
13438,0,1,7,0,10,5768,2,2014,"5/10/14","5/10/14",NA,"SU","F.0",12,1,0,12033,2012,"Y",11998,"5/6/12","6/8/19",2,130,2589,0,0,-1.36287117,0,NA,2014,NA,-0.595396024,0,420,1,"yes",2589,0,0.941763647,1.763351561
13445,25,2,5,0,11,6490,3,2016,"4/25/16","4/27/16","5/21/16","KL","-7",5,1,0,NA,2011,"N",NA,"6/28/12","5/19/18",5,116,2151,0,0,1.033694143,0,1.505555556,2016,-0.44629198,0.794838507,0,398.75,0,"no",2151,0,0.761897939,1.103275451
13450,0,1,5,9,11,5685,2,2014,"4/11/14","4/14/14","5/5/14","AG","M.0",0,1,1,NA,2012,"Y",10752,"5/14/12","7/15/18",2,101,2253,2,4,-1.359857668,3.452054795,1.942857143,2014,0.697067687,-1.197175797,2.709677419,420,1,"yes",2253,1,0.941763647,1.256991806
13567,50,2,4,1,14,5860,3,2014,"5/28/14","6/3/14","6/19/14","AG","E.0",2,1,0,NA,2012,"Y",10650,"5/28/12","5/15/18",2,148,2178,0,0,-0.460368481,0,1.9875,2014,0.799311535,-0.083147659,0,210,1,"yes",2178,1,-0.835732755,1.143965074
13579,100,2,5,1,13,5782,3,2014,"5/10/14","5/11/14","6/4/14","AG","K.0",4,1,1,NA,2012,"Y",11685,"5/30/12","8/8/18",2,130,2261,1,1,-0.460368481,0.863013699,1.652777778,2014,0.032709881,-0.509796733,1.35483871,100,1,"yes",2261,1,-1.766802299,1.26904799
13625,0,1,4,0,16,5720,3,2014,"4/24/14","4/29/14",NA,"AG","S.5",17.5,1,1,NA,2012,"Y",13215,"5/22/12","6/4/17",2,114,1839,0,0,-0.460368481,0,NA,2014,NA,-0.889040354,0,420,1,"yes",1839,1,0.941763647,0.63308425
13666,100,2,3,18,30,4304,3,2008,"5/3/08","5/4/08","5/29/08","SU","2",7.5,1,0,10120,2007,"Y",7846,"6/3/07","9/30/10",1,124,1215,0,0,-0.029178793,0,1.849333333,2008,-0.010471716,0.627400917,0,83,0,"yes",1215,0,-1.910694865,-0.307298153
13667,0,1,6,12,42,4305,3,2008,"5/8/08","5/13/08","6/2/08","SU","14.3",5.6,1,0,10115,2007,"Y",10134,"6/8/07","6/23/14",1,129,2572,0,0,-0.029178793,0,1.798333333,2008,-0.261400446,0.941101375,0,420,0,"yes",2572,0,0.941763647,1.737732169
19275,50,1,4,3,12,5744,4,2014,"5/3/14","5/5/14","5/26/14","AG","F.0",16.5,1,1,NA,2012,"N",NA,"3/20/13","6/23/17",2,123,1556,3,3,0.439120705,2.589041096,1.228571429,2014,-0.938833888,-0.675715817,4.064516129,420,1,"yes",1556,1,0.941763647,0.206596718
19308,100,2,3,0,9,5784,3,2014,"5/10/14","5/11/14",NA,"AG","0",-0.5,1,1,NA,2012,"N",NA,"3/31/13","5/15/17",2,130,1506,0,0,-0.460368481,0,NA,2014,NA,-0.509796733,0,84.5,1,"yes",1506,1,-1.897998462,0.131245564
19311,50,2,4,4,12,5862,2,2014,"5/26/14","5/28/14",NA,"AG","D.0",19,1,0,NA,2013,"Y",11921,"3/31/13","7/10/17",1,146,1562,0,1,-1.359857668,0.863013699,NA,2014,NA,-0.130553112,0,380,1,"yes",1562,0,0.603192903,0.215638856
19321,100,1,3,0,11,5864,4,2014,"7/13/14","7/20/14","8/5/14","AG","R.0",15.5,1,0,NA,2013,"Y",12558,"4/1/13","7/10/17",1,194,1561,0,0,0.439120705,0,0.427083333,2014,-2.77445178,1.007177752,0,360,1,"yes",1561,0,0.433907532,0.214131833
19334,100,3,5,2,17,5804,3,2014,"5/13/14","5/15/14",NA,"AG","J.0",9,1,1,NA,2013,"Y",11737,"4/5/13","5/23/18",1,133,1874,0,0,-0.460368481,0,NA,2014,NA,-0.438688554,0,187.6666667,1,"yes",1874,1,-1.024768087,0.685830058
19339,0,1,5,2,12,5926,3,2014,"6/3/14","6/17/14","6/28/14","AG","U.5",6,1,1,NA,2013,"Y",11817,"3/28/13","6/30/18",1,154,1920,2,2,-0.460368481,1.726027397,1.786363636,2014,0.338656524,0.059068699,2.709677419,420,1,"yes",1920,1,0.941763647,0.755153119
19353,100,NA,2,1,14,5770,4,2014,"4/13/14","4/13/14",NA,"AG","T.5",0,1,1,NA,2012,"N",NA,"4/8/13","6/17/16",2,103,1166,0,0,0.439120705,0,NA,2014,NA,-1.149770344,0,NA,1,"yes",1166,1,NA,-0.381142284
19398,100,2,4,0,3,7729,3,2017,"4/21/17","4/22/17","5/16/17","AG","0.5",16.5,1,1,NA,2013,"Y",12082,"4/7/13","6/5/17",4,111,1520,0,0,0.133174275,0,1.330555556,2017,-0.841876115,-0.11866757,0,163.5,0,"no",1520,1,-1.229321244,0.152343887
19404,100,1,5,2,14,5847,4,2014,"5/18/14","5/18/14","6/14/14","AG","M.5",9.5,1,1,NA,2013,"Y",12586,"4/14/13","8/16/18",1,138,1950,2,2,0.439120705,1.726027397,1.436111111,2014,-0.463513597,-0.320174922,2.709677419,345,1,"yes",1950,1,0.306943503,0.800363812
19411,50,NA,NA,NA,NA,NA,NA,NA,NA,NA,NA,NA,NA,NA,NA,NA,NA,NA,NA,NA,NA,NA,NA,NA,NA,NA,NA,NA,NA,NA,NA,NA,NA,NA,NA,1,"yes",1949,0,NA,NA
19425,50,2,3,1,6,6126,3,2015,"3/26/15","3/26/15",NA,"JO","L.5",15,1,1,NA,2013,"Y",11965,"4/9/13","8/15/16",2,85,1224,0,0,0.468718433,NA,NA,2015,NA,0.114279986,NA,330,0,"no",1224,0,0.179979474,-0.293734945
19432,50,3,4,0,11,5828,3,2014,"7/12/14","7/13/14","8/9/14","JO","H.5",15,1,0,NA,2013,"Y",12357,"4/16/13","4/21/19",1,193,2196,0,0,-0.635894689,0,1.862962963,2014,0.704563887,1.379170544,0,282.25,1,"yes",2196,0,-0.22418935,1.17109149
19509,100,1,4,0,5,5832,3,2014,"6/14/14","6/16/14",NA,"JO","I.0",5,1,0,NA,2013,"Y",12846,"4/22/13","8/15/17",1,165,1576,0,0,-0.635894689,0,NA,2014,NA,0.473565798,0,90,1,"yes",1576,0,-1.851444985,0.236737179
19550,100,1,2,0,18,5799,5,2014,"5/15/14","5/15/14","6/11/14","KL","-6",3,1,0,NA,2012,"N",NA,"4/28/13","5/15/16",2,135,1113,0,0,1.540171757,0,0.885185185,2014,-1.666901431,-0.472525498,0,117,1,"yes",1113,0,-1.622909733,-0.461014507
19553,50,3,4,2,8,5750,3,2014,"5/5/14","5/6/14","5/31/14","JO","F.0",16.5,1,0,NA,2013,"Y",10841,"4/28/13","8/15/17",1,125,1570,1,1,-0.635894689,0.680672269,1.466666667,2014,-0.383914978,-0.820155268,1.038461538,290.25,1,"yes",1570,0,-0.156475202,0.227695041
19561,33.33333333,NA,NA,NA,NA,NA,NA,NA,NA,NA,NA,NA,NA,NA,NA,NA,NA,NA,NA,NA,NA,NA,NA,NA,NA,NA,NA,NA,NA,NA,NA,NA,NA,NA,NA,1,"yes",2580,0,NA,NA
19570,50,2,4,1,6,5868,1,2014,"6/30/14","7/6/14","7/24/14","AG","I.5",12,1,1,NA,2013,"Y",12679,"4/19/13","6/7/17",1,181,1510,0,0,-2.259346855,0,1.316666667,2014,-0.737072694,0.69904231,0,227,1,"yes",1510,1,-0.691840189,0.137273656
19583,100,2,5,2,23,5904,4,2014,"6/8/14","6/9/14",NA,"KL","N.0",1.5,1,0,20198,2013,"Y",13112,"4/29/13","6/19/18",1,159,1877,0,0,0.42217906,0,NA,2014,NA,0.317780306,0,203.5,1,"yes",1877,0,-0.890750501,0.690351127
19587,40,3,5,0,11,5833,3,2014,"6/16/14","6/16/14",NA,"JO","J.5",11,1,0,NA,2013,"Y",13424,"4/29/13","8/15/18",1,167,1934,0,0,-0.635894689,0,NA,2014,NA,0.538251851,0,318.6,1,"yes",1934,0,0.083486813,0.776251443
19589,50,2,2,0,6,5842,3,2014,"7/2/14","7/2/14",NA,"JO","P.5",11.5,1,0,NA,2013,"Y",12639,"4/29/13","4/30/17",1,183,1462,0,0,-0.635894689,0,NA,2014,NA,1.055740277,0,330,1,"yes",1462,0,0.179979474,0.064936548
19611,100,NA,NA,NA,NA,NA,NA,NA,NA,NA,NA,NA,NA,NA,NA,NA,NA,NA,NA,NA,NA,NA,NA,NA,NA,NA,NA,NA,NA,NA,NA,NA,NA,NA,NA,1,"yes",2255,0,NA,NA
19649,100,1,2,1,11,5849,3,2014,"5/17/14","5/18/14","6/11/14","KL","H.0",6,1,0,12445,2013,"Y",12305,"5/7/13","9/23/18",1,137,1965,0,0,-0.695813636,0,2.233333333,2014,1.603521476,-0.406666681,0,100,1,"yes",1965,0,-1.766802299,0.822969158
19666,50,2,4,0,7,6100,2,2015,"3/17/15","3/18/15","4/12/15","JO","J.0",20,1,1,NA,2013,"Y",13101,"5/6/13","5/19/18",2,76,1839,0,0,-0.937436867,NA,1.33,2015,-0.800254218,-0.949706094,NA,409,0,"no",1839,1,0.848656692,0.63308425
19706,50,NA,NA,NA,NA,NA,NA,NA,NA,NA,NA,NA,NA,NA,NA,NA,NA,NA,NA,NA,NA,NA,NA,NA,NA,NA,NA,NA,NA,NA,NA,NA,NA,NA,NA,1,"yes",2543,0,NA,NA
19707,0,1,4,0,11,5923,3,2014,"6/16/14","6/17/14",NA,"KL","O.0",10.5,2,0,12653,2013,"Y",10374,"5/10/13","6/18/18",1,167,1865,0,0,-0.695813636,0,NA,2014,NA,0.581215574,0,420,1,"yes",1865,0,0.941763647,0.67226685
19719,100,2,5,0,7,6016,3,2014,"7/26/14","7/28/14",NA,"KL","-1.5",1.5,2,0,19901,2013,"Y",12199,"5/12/13","9/19/18",1,207,1956,0,0,-0.695813636,0,NA,2014,NA,1.898391914,0,270,1,"yes",1956,0,-0.32787664,0.80940595
19729,20,NA,NA,NA,NA,NA,NA,NA,NA,NA,NA,NA,NA,NA,NA,NA,NA,NA,NA,NA,NA,NA,NA,NA,NA,NA,NA,NA,NA,NA,NA,NA,NA,NA,NA,1,"yes",2560,0,NA,NA
19740,0,1,4,4,9,5818,3,2014,"6/29/14","7/2/14","7/27/14","SU","D.0",7.5,1,0,12522,2013,"Y",11577,"5/12/13","5/15/18",1,180,1829,2,2,-0.372660086,1.222222222,1.293333333,2014,-0.779307534,1.034854994,2.19047619,420,1,"yes",1829,0,0.941763647,0.618014019
19742,33.33333333,NA,NA,NA,NA,NA,NA,NA,NA,NA,NA,NA,NA,NA,NA,NA,NA,NA,NA,NA,NA,NA,NA,NA,NA,NA,NA,NA,NA,NA,NA,NA,NA,NA,NA,1,"yes",1870,0,NA,NA
19764,50,3,4,0,30,5918,4,2014,"6/13/14","6/15/14",NA,"KL","-2",12,1,0,19599,2013,"Y",12827,"5/15/13","6/7/19",1,164,2214,0,0,0.42217906,0,NA,2014,NA,0.482427348,0,266.5,1,"yes",2214,0,-0.35750158,1.198217905
19766,100,2,3,2,10,6052,3,2014,"7/20/14",NA,"8/14/14","KL","A.5",12,2,0,19815,2013,"Y",12827,"5/15/13","9/23/18",1,201,1957,1,1,-0.695813636,0.588477366,NA,2014,NA,1.700815463,0.899371069,45.5,1,"yes",1957,0,-2.228104937,0.810912973
19769,100,2,2,4,17,5931,4,2014,"5/25/14","5/26/14","6/24/14","KL","E.0",3.5,1,0,13466,2013,"Y",13185,"5/15/13","6/30/16",1,145,1142,1,1,0.42217906,0.588477366,1.453448276,2014,-0.288372942,-0.143231413,0.899371069,194.5,1,"yes",1142,0,-0.966928918,-0.417310838
19809,100,2,3,6,11,5983,3,2014,"6/13/14",NA,"7/13/14","KL","G.5",18,1,0,19721,2013,"Y",12202,"5/19/13","5/15/19",1,164,2187,2,2,-0.695813636,1.176954733,NA,2014,NA,0.482427348,1.798742138,131,1,"yes",2187,0,-1.504409973,1.157528282
19846,100,1,4,6,13,5925,3,2014,"6/14/14","6/17/14","7/13/14","KL","L.5",15,1,0,13125,2013,"Y",NA,"6/18/13","9/27/18",1,165,1927,2,2,-0.695813636,1.176954733,1.576923077,2014,0.011160027,0.515356757,1.798742138,52,1,"yes",1927,0,-2.173087191,0.765702281
19862,100,1,2,1,31,5910,5,2014,"6/13/14","6/14/14","7/6/14","SU","P.0",5,1,0,12479,2013,"Y",NA,"7/3/13","7/10/16",1,164,1103,0,0,1.607762084,0,1.343939394,2014,-0.654489779,0.513174668,0,88,1,"yes",1103,0,-1.868373522,-0.476084738
19907,0,1,3,0,3,7747,3,2017,"3/23/17","3/30/17","4/17/17","AG","O.5",6.5,1,1,NA,2014,"Y",12788,"3/23/14","6/6/18",3,82,1536,0,0,0.133174275,0,2.094444444,2017,0.871480687,-2.030533981,0,420,0,"no",1536,1,0.941763647,0.176456256
19925,100,2,2,0,7,6188,4,2015,"3/27/15","4/1/15","4/21/15","AG","G.5",8.5,1,1,NA,2014,"Y",11738,"3/27/14","9/1/16",1,86,889,0,0,2.028370211,0,1.955,2015,0.306370759,0.018453201,0,281.5,0,"no",889,1,-0.230537552,-0.798587678
19926,50,2,5,3,5,7748,3,2017,"5/6/17","5/10/17","5/31/17","AG","G.5",6.5,1,1,NA,2014,"Y",11738,"3/27/14","9/25/19",3,126,2008,3,3,0.133174275,4.6875,1.773015873,2017,0.150535747,0.870228849,4.6875,352,0,"yes",2008,1,0.366193383,0.887771151
19962,0,1,2,0,3,7749,3,2017,"4/6/17","4/20/17","5/1/17","AG","G.0",13.5,1,1,NA,2014,"Y",11934,"4/10/14","4/8/18",3,96,1459,0,0,0.133174275,0,2.86969697,2017,2.610325442,-1.10756399,0,420,0,"no",1459,1,0.941763647,0.060415479
19970,0,1,2,0,3,7750,3,2017,"3/28/17","4/3/17",NA,"AG","M.0",0.5,1,1,NA,2014,"Y",13450,"4/11/14","9/30/18",3,87,1633,0,0,0.133174275,0,NA,2017,NA,-1.700901841,0,420,0,"no",1633,1,0.941763647,0.322637495
19983,50,NA,NA,NA,NA,NA,NA,NA,NA,NA,NA,NA,NA,NA,NA,NA,NA,NA,NA,NA,NA,NA,NA,NA,NA,NA,NA,NA,NA,NA,NA,NA,NA,NA,NA,0,"yes",1915,0,NA,NA
19984,50,NA,NA,NA,NA,NA,NA,NA,NA,NA,NA,NA,NA,NA,NA,NA,NA,NA,NA,NA,NA,NA,NA,NA,NA,NA,NA,NA,NA,NA,NA,NA,NA,NA,NA,0,"yes",1912,0,NA,NA
19988,50,2,3,0,8,6006,5,2014,"7/24/14","7/24/14","8/16/14","AG","K.0",21,2,1,NA,2013,"N",NA,"4/17/14","6/19/17",1,205,1159,0,0,1.338609892,0,1.272173913,2014,-0.838972766,1.267907742,0,210,1,"yes",1159,1,-0.835732755,-0.391691446
19989,50,2,3,2,3,7753,3,2017,"5/9/17","5/9/17","6/4/17","AG","V.0",3,1,1,NA,2014,"Y",12731,"4/17/14","7/10/17",3,129,1180,2,2,0.133174275,3.125,1.25,2017,-1.022557378,1.068008133,3.125,275,0,"no",1180,1,-0.285555298,-0.360043961
20005,100,2,3,0,4,7754,4,2017,"5/3/17","5/4/17","5/29/17","AG","S.5",4,1,1,NA,2014,"Y",11686,"4/16/14","6/8/17",3,123,1149,0,0,1.560041512,0,1.534,2017,-0.385562471,0.672449565,0,278,0,"no",1149,1,-0.260162492,-0.406761676
20014,100,2,2,2,9,6176,3,2015,"3/29/15","3/31/15",NA,"AG","M.0",13.5,1,1,NA,2014,"Y",12195,"4/19/14","5/24/17",1,88,1131,0,0,0.338061702,0,NA,2015,NA,0.189804352,0,340.5,0,"no",1131,1,0.268854294,-0.433888092
20044,33.33333333,2,3,0,5,6224,1,2015,"4/2/15","4/8/15","4/27/15","SU","H.0",17,1,0,NA,2013,"N",NA,"4/22/14","5/22/17",2,92,1126,0,0,-2.426077975,0,2.636842105,2015,1.914895295,0.824536195,0,377.6666667,0,"no",1126,0,0.583442943,-0.441423207
20046,33.33333333,2,5,14,13,8719,3,2018,"4/23/18",NA,"5/10/18","JO","F.0",3,1,19,NA,2014,"Y",11375,"4/23/14","3/11/20",4,113,2149,0,0,0.432292813,0,NA,2018,NA,-0.72779874,0,323.3333333,0,"yes",2149,0,0.123551017,1.100261405
20051,0,1,3,0,8,6542,4,2016,"4/19/16","4/20/16","5/21/16","AG","B.0",-0.5,1,1,NA,2014,"Y",12095,"4/22/14","5/29/17",2,110,1133,0,0,1.815364029,0,1.645967742,2016,-0.147466053,1.378932185,0,420,0,"no",1133,1,0.941763647,-0.430874046
20060,100,NA,NA,NA,NA,NA,NA,NA,NA,NA,NA,NA,NA,NA,NA,NA,NA,NA,NA,NA,NA,NA,NA,NA,NA,NA,NA,NA,NA,NA,NA,NA,NA,NA,NA,0,"yes",1988,0,NA,NA
20061,75,4,4,0,8,6545,3,2016,"4/19/16","4/20/16","5/14/16","SU","-3",2,1,0,NA,2014,"Y",12462,"4/22/14","8/15/18",2,110,1576,0,0,0.755449448,0,1.683333333,2016,-0.589460568,0.026585341,0,264,0,"no",1576,0,-0.378662252,0.236737179
20079,33.33333333,2,4,0,9,6620,3,2016,"4/14/16","4/14/16","5/8/16","KL","G.0",3.5,1,0,NA,2014,"Y",12513,"4/24/14","5/15/18",2,105,1482,0,0,1.033694143,0,1.513888889,2016,-0.423777147,-0.601138367,0,333.3333333,0,"no",1482,0,0.208193703,0.09507701
20138,50,2,3,1,3,7762,3,2017,"4/29/17","4/29/17","5/24/17","AG","J.0",5.5,1,1,NA,2014,"Y",11737,"4/22/14","6/6/18",3,119,1506,1,1,0.133174275,1.5625,1.592,2017,-0.255471962,0.408743853,1.5625,354.5,0,"no",1506,1,0.387354055,0.131245564
20148,66.66666667,NA,NA,NA,NA,NA,NA,NA,NA,NA,NA,NA,NA,NA,NA,NA,NA,NA,NA,NA,NA,NA,NA,NA,NA,NA,NA,NA,NA,NA,NA,NA,NA,NA,NA,0,"no",1512,0,NA,NA
20163,100,1,2,1,7,6180,2,2015,"3/31/15","3/31/15",NA,"AG","Q.5",-0.5,1,1,NA,2014,"Y",19317,"4/30/14","4/22/17",1,90,1088,0,0,-1.352246808,0,NA,2015,NA,0.361155504,0,108,0,"no",1088,1,-1.69908815,-0.498690084
20166,0,1,1,1,6,6218,3,2015,"4/6/15","4/6/15","5/2/15","AG","P.0",2,1,1,NA,2014,"Y",19317,"4/30/14","8/23/16",1,96,846,0,0,0.338061702,0,1.624358974,2015,-0.469662267,0.875208958,0,420,0,"no",846,1,0.941763647,-0.86338967
20182,66.66666667,3,2,3,10,6208,3,2015,"4/2/15","4/4/15","4/29/15","AG","B.0",14.5,1,1,NA,2014,"Y",10895,"4/28/14","5/19/18",1,92,1482,0,0,0.338061702,0,1.249333333,2015,-1.349868473,0.532506655,0,220.3333333,0,"no",1482,1,-0.748268647,0.09507701
20184,50,2,3,1,10,6552,3,2016,"4/13/16","4/13/16","5/8/16","AG","B.0",15,1,1,NA,2014,"Y",10895,"4/28/14","7/14/18",2,104,1538,1,1,0.24754964,2.3125,1.897333333,2016,0.466996985,0.905790075,2.3125,411,0,"no",1538,1,0.865585229,0.179470302
20191,75,4,5,4,18,6204,4,2015,"4/1/15","4/4/15","4/29/15","KL","K.0",7.5,1,0,NA,2014,"Y",13305,"4/29/14","8/15/19",1,91,1934,0,0,1.246800195,0,1.245,2015,-1.422160222,0.692589819,0,241,0,"yes",1934,0,-0.573340429,0.776251443
20220,66.66666667,NA,NA,NA,NA,NA,NA,NA,NA,NA,NA,NA,NA,NA,NA,NA,NA,NA,NA,NA,NA,NA,NA,NA,NA,NA,NA,NA,NA,NA,NA,NA,NA,NA,NA,0,"yes",1929,0,NA,NA
20225,66.66666667,3,5,1,8,8028,3,2017,"4/13/17","4/19/17","5/10/17","AG","C.0",6,1,1,NA,2014,"Y",12186,"4/26/14","9/13/19",3,103,1966,1,1,0.133174275,1.5625,2.350793651,2017,1.446456528,-0.646078994,1.5625,206.3333333,0,"yes",1966,1,-0.866768407,0.824476181
20229,0,1,3,0,3,7769,1,2017,"4/29/17","4/29/17",NA,"AG","F.5",0,1,1,NA,2014,"Y",12939,"4/29/14","6/10/18",3,119,1503,0,0,-2.720560197,0,NA,2017,NA,0.408743853,0,420,0,"no",1503,1,0.941763647,0.126724494
20231,100,3,3,1,13,6222,3,2015,"4/5/15","4/7/15","4/30/15","AG","O.5",11,1,1,NA,2014,"Y",19325,"4/30/14","7/22/18",1,95,1544,1,1,0.338061702,8.125,1.208695652,2015,-1.44524739,0.789533382,8.125,193.6666667,0,"no",1544,1,-0.973982475,0.188512441
20241,0,1,3,0,3,7912,3,2017,"5/2/17","5/2/17","5/30/17","JO","E.0",12.5,1,15,NA,2014,"Y",12700,"5/3/14","4/18/18",3,122,1446,0,0,0.79140906,0,1.348809524,2017,0.295278394,-0.674424874,0,420,0,"no",1446,0,0.941763647,0.040824179
20255,0,1,3,2,6,7771,3,2017,"4/28/17","5/11/17","5/23/17","AG","H.0",17.5,1,1,NA,2014,"Y",19275,"5/3/14","7/8/18",3,118,1527,2,2,0.133174275,3.125,1.283333333,2017,-0.947792718,0.342817425,3.125,420,0,"no",1527,1,0.941763647,0.162893048
20265,100,2,3,0,3,8106,3,2017,"5/6/17","5/6/17","6/3/17","JO","K.0",10.5,1,15,NA,2014,"Y",12037,"5/6/14","6/19/17",3,126,1140,0,0,0.79140906,0,1.38452381,2017,0.407130808,-0.341118373,0,137,0,"no",1140,0,-1.453624362,-0.420324884
20281,0,1,3,0,6,6561,3,2016,"4/10/16","4/13/16","5/5/16","JO","F.5",18.5,1,14,NA,2014,"Y",19553,"5/5/14","8/15/18",2,101,1563,0,0,0.378785244,0,1.565151515,2016,0.461744455,-0.306194405,0,420,0,"no",1563,14,0.941763647,0.217145879
20287,50,NA,NA,NA,NA,NA,NA,NA,NA,NA,NA,NA,NA,NA,NA,NA,NA,NA,NA,NA,NA,NA,NA,NA,NA,NA,NA,NA,NA,NA,NA,NA,NA,NA,NA,0,"no",1835,0,NA,NA
20295,50,2,5,2,11,7776,3,2017,"4/29/17","4/29/17","5/24/17","KL","I.0",5.5,1,0,NA,2014,"Y",12305,"5/6/14","8/15/19",3,119,1927,0,0,0.233938609,0,0.945333333,2017,-1.771243171,-1.362041282,0,306.5,0,"yes",1927,0,-0.018930837,0.765702281
20297,0,1,3,0,10,6212,4,2015,"4/4/15","4/5/15","4/29/15","KL","H.0",6,1,0,NA,2014,"Y",12305,"5/6/14","5/2/19",1,94,1822,0,0,1.246800195,0,1.388888889,2015,-1.085389713,0.929224673,0,420,0,"no",1822,0,0.941763647,0.607464857
20385,50,2,3,0,3,7778,3,2017,"5/13/17","5/17/17","6/11/17","AG","L.0",8,1,1,NA,2014,"Y",13255,"5/12/14","5/20/18",3,133,1469,0,0,0.133174275,0,0.734666667,2017,-2.178419029,1.331713845,0,282.5,0,"no",1469,1,-0.222073283,0.07548571
20387,100,2,3,1,3,7779,2,2017,"4/13/17","4/20/17","5/8/17","AG","K.0",6.5,1,1,NA,2014,"Y",13255,"5/12/14","7/12/18",3,103,1522,1,1,-1.293692961,1.5625,2.088888889,2017,0.85901991,-0.646078994,1.5625,271.5,0,"no",1522,1,-0.315180238,0.155357933
20388,0,1,4,1,6,6174,2,2015,"3/30/15","3/31/15",NA,"JO","Q.5",9,1,1,NA,2014,"Y",11678,"4/29/14","8/15/18",1,89,1569,0,0,-0.937436867,NA,NA,2015,NA,0.587162689,NA,420,0,"no",1569,1,0.941763647,0.226188018
20389,100,3,4,1,6,7780,3,2017,"4/22/17","4/23/17","5/17/17","JO","Q.0",10,1,15,NA,2014,"Y",11678,"4/29/14","4/14/19",3,112,1811,1,1,0.79140906,6.4,1.358333333,2017,0.325105704,-1.507691128,6.4,147,0,"no",1811,0,-1.368981676,0.590887604
20409,100,2,3,2,20,5921,4,2014,"6/16/14","6/16/14",NA,"KL","I.5",16,1,0,12363,2013,"N",NA,"5/13/14","6/23/18",1,167,1502,0,0,0.42217906,0,NA,2014,NA,0.581215574,0,145,1,"yes",1502,0,-1.385910213,0.125217471
20415,50,2,3,1,3,7782,3,2017,"4/29/17","5/2/17","5/20/17","AG","A.5",1.5,1,1,NA,2014,"Y",12554,"4/13/14","7/14/18",3,119,1553,1,1,0.133174275,1.5625,1.222222222,2017,-1.084861262,0.408743853,1.5625,387.5,0,"no",1553,1,0.666674918,0.202075649
20417,66.66666667,2,5,0,11,6173,3,2015,"3/29/15","3/31/15","4/23/15","JO","O.5",1.5,1,1,NA,2014,"Y",10520,"5/6/14","7/9/19",1,88,1890,0,0,0.468718433,NA,1.705797101,2015,-0.073853689,0.468942013,NA,267.5,0,"yes",1890,1,-0.349037312,0.709942427
20439,50,2,3,0,3,8747,3,2018,"4/25/18","4/28/18","5/21/18","JO","D.0",0.5,1,19,NA,2014,"Y",13060,"5/11/14","8/15/18",4,115,1557,0,0,0.432292813,0,1.668115942,2018,0.601416302,-0.574577953,0,225,0,"no",1557,0,-0.708768727,0.208103741
20440,75,3,3,0,5,7785,2,2017,"5/18/17","5/22/17","6/12/17","JO","C.0",1.5,1,0,NA,2014,"Y",13060,"5/11/14","5/15/19",3,138,1830,0,0,-0.698302112,0,1.44047619,2017,0.582366257,0.658801132,0,286,0,"no",1830,0,-0.192448343,0.619521042
20474,100,2,2,0,3,7916,3,2017,"4/30/17","4/30/17","5/24/17","AG","O.0",10,1,1,NA,2014,"Y",19404,"5/18/14","5/24/17",3,120,1102,0,0,0.133174275,0,1.434722222,2017,-0.608236551,0.474670281,0,215.5,0,"no",1102,1,-0.789179278,-0.477591761
20475,50,2,2,0,3,7786,3,2017,"5/15/17","5/17/17","6/7/17","AG","M.5",9.5,1,1,NA,2014,"Y",19404,"5/18/14","7/10/17",3,135,1149,0,0,0.133174275,0,1.674603175,2017,-0.070198012,1.463566701,0,383,0,"no",1149,1,0.628585709,-0.406761676
20488,60,4,5,1,9,7788,2,2017,"5/2/17","5/3/17","5/27/17","JO","J.0",11.5,1,14,NA,2014,"Y",13424,"5/13/14","6/23/19",3,122,1867,1,1,-0.698302112,6.4,0.866666667,2017,-1.2147292,-0.674424874,6.4,247,0,"yes",1867,15,-0.522554818,0.675280896
20529,0,1,3,0,4,7789,1,2017,"4/29/17","4/30/17","5/31/17","JO","R.0",16.5,1,15,NA,2013,"N",NA,"5/22/14","6/7/18",4,119,1477,0,0,-2.188013283,0,1.219354839,2017,-0.11015654,-0.92440475,0,420,0,"no",1477,0,0.941763647,0.087541894
20537,100,2,5,0,9,6589,2,2016,"4/23/16","4/23/16","5/18/16","KL","-6",11,1,0,NA,2014,"Y",20530,"5/20/14","7/2/19",2,114,1869,0,0,-0.477089605,0,1.53,2016,-0.380248469,0.54102453,0,247.5,0,"yes",1869,0,-0.518322683,0.678294942
20566,100,2,2,1,3,8044,3,2017,"4/23/17","4/24/17","5/18/17","AG","H.0",10.5,1,1,NA,2014,"Y",19315,"5/24/14","6/7/17",3,113,1110,1,1,0.133174275,1.5625,1.811111111,2017,0.235981073,0.013185286,1.5625,87.5,0,"no",1110,1,-1.872605656,-0.465535577
20601,20,NA,NA,NA,NA,NA,NA,NA,NA,NA,NA,NA,NA,NA,NA,NA,NA,NA,NA,NA,NA,NA,NA,NA,NA,NA,NA,NA,NA,NA,NA,NA,NA,NA,NA,0,"yes",2271,0,NA,NA
20628,100,NA,NA,NA,NA,NA,NA,NA,NA,NA,NA,NA,NA,NA,NA,NA,NA,NA,NA,NA,NA,NA,NA,NA,NA,NA,NA,NA,NA,NA,NA,NA,NA,NA,NA,0,"no",1473,0,NA,NA
20630,100,2,3,1,6,7791,3,2017,"4/21/17","4/29/17","5/20/17","AG","O.0",9,1,1,NA,2014,"Y",12586,"6/4/14","9/16/18",3,111,1565,1,1,0.133174275,1.5625,1.604761905,2017,-0.226847777,-0.11866757,1.5625,272.5,0,"no",1565,1,-0.306715969,0.220159926
20632,25,2,2,0,6,6595,3,2016,"4/25/16","4/26/16","5/19/16","KL","-1",13,1,0,NA,2014,"Y",19689,"6/5/14","6/15/17",2,116,1106,0,0,1.033694143,0,1.253623188,2016,-1.126957802,0.794838507,0,360,0,"no",1106,0,0.433907532,-0.471563669
20685,50,NA,NA,NA,NA,NA,NA,NA,NA,NA,NA,NA,NA,NA,NA,NA,NA,NA,NA,NA,NA,NA,NA,NA,NA,NA,NA,NA,NA,NA,NA,NA,NA,NA,NA,0,"yes",1889,0,NA,NA
20688,100,NA,NA,NA,NA,NA,NA,NA,NA,NA,NA,NA,NA,NA,NA,NA,NA,NA,NA,NA,NA,NA,NA,NA,NA,NA,NA,NA,NA,NA,NA,NA,NA,NA,NA,0,"yes",1908,0,NA,NA
20732,100,2,2,0,2,7797,2,2017,"5/14/17","5/14/17","6/8/17","KL","K.5",15,1,0,NA,2014,"Y",19846,"6/14/14","7/7/17",3,134,1119,0,0,-1.236532647,0,1.352,2017,-0.468209181,0.246093326,0,156,0,"no",1119,0,-1.292803259,-0.451972369
20734,50,2,2,0,3,7798,3,2017,"5/20/17","5/23/17","6/15/17","KL","L.0",13.5,1,0,NA,2014,"Y",19846,"6/14/14","3/26/18",3,140,1381,0,0,0.233938609,0,1.314492754,2017,-0.588389222,0.88934717,0,417.5,0,"no",1381,0,0.920602975,-0.057132321
20751,0,NA,NA,NA,NA,NA,NA,NA,NA,NA,NA,NA,NA,NA,NA,NA,NA,NA,NA,NA,NA,NA,NA,NA,NA,NA,NA,NA,NA,NA,NA,NA,NA,NA,NA,0,"no",1521,0,NA,NA
20760,75,4,5,8,11,8760,3,2018,"5/7/18","5/22/18","6/9/18","JO","K.5",7.5,1,19,NA,2014,"Y",19411,"6/17/14","10/8/19",4,127,1939,0,0,0.432292813,0,1.555555556,2018,0.297655447,0.344746772,0,310,0,"yes",1939,0,0.010694103,0.783786558
20770,75,4,3,0,6,7801,3,2017,"5/13/17","5/14/17","6/7/17","JO","M.0",3.5,1,15,NA,2014,"Y",11726,"6/15/14","7/8/18",3,133,1484,0,0,0.79140906,0,1.161111111,2017,-0.292568184,0.242168005,0,233,0,"no",1484,0,-0.641054578,0.098091056
20804,100,1,3,0,10,6225,3,2015,"4/4/15","4/8/15","4/29/15","KL","O.5",7.5,1,0,NA,2014,"Y",13112,"6/18/14","4/28/19",1,94,1775,0,0,0.13552176,0,1.684126984,2015,-0.394387898,0.929224673,0,310,0,"no",1775,0,0.010694103,0.536634773
20820,50,NA,NA,NA,NA,NA,NA,NA,NA,NA,NA,NA,NA,NA,NA,NA,NA,NA,NA,NA,NA,NA,NA,NA,NA,NA,NA,NA,NA,NA,NA,NA,NA,NA,NA,0,"no",1512,0,NA,NA
20827,0,NA,NA,NA,NA,NA,NA,NA,NA,NA,NA,NA,NA,NA,NA,NA,NA,NA,NA,NA,NA,NA,NA,NA,NA,NA,NA,NA,NA,NA,NA,NA,NA,NA,NA,0,"no",1435,0,NA,NA
20841,0,1,2,0,3,8137,3,2017,"5/10/17","5/16/17","6/4/17","JO","F.0",0,1,15,NA,2014,"Y",13061,"6/5/14","8/15/17",3,130,1167,0,0,0.79140906,0,1.642105263,2017,1.213841817,-0.007811871,0,420,0,"no",1167,0,0.941763647,-0.379635261
20857,0,1,5,5,20,6615,2,2016,"4/26/16","4/26/16","5/21/16","KL","-2",15,1,0,NA,2014,"Y",19865,"6/24/14","6/8/20",2,117,2176,0,0,-0.477089605,0,NA,2016,NA,0.921745496,0,420,0,"yes",2176,0,0.941763647,1.140951028
20863,50,3,2,2,6,7000,3,2016,"3/23/16",NA,"4/17/16","AG","H.0",2.5,1,1,NA,2014,"Y",NA,"6/30/14","7/3/19",2,83,1829,0,0,0.24754964,0,NA,2016,NA,-0.750207309,0,327.5,0,"no",1829,1,0.158818803,0.618014019
20865,100,2,3,0,5,7809,2,2017,"5/9/17","5/23/17","6/5/17","KL","G.0",4.5,1,0,NA,2014,"Y",19655,"6/10/14","9/22/18",3,129,1565,0,0,-1.236532647,0,1.623076923,2017,0.400370601,-0.289951543,0,187.5,0,"no",1565,0,-1.026178798,0.220159926
20867,0,1,2,0,3,7810,3,2017,"5/23/17","5/25/17",NA,"KL","-6.5",10.5,1,0,NA,2014,"Y",13412,"6/28/14","6/3/17",3,143,1071,0,0,0.233938609,0,NA,2017,NA,1.210974092,0,420,0,"no",1071,0,0.941763647,-0.524309477
20873,100,1,2,0,5,6171,2,2015,"3/30/15","3/31/15","4/23/15","KL","H.5",4,1,0,NA,2014,"Y",19702,"6/25/14","6/20/17",1,89,1091,0,0,-0.975756674,0,2.465217391,2015,1.433746406,0.534833249,0,96,0,"no",1091,0,-1.800659373,-0.494169015
20920,50,3,3,0,9,6623,3,2016,"4/29/16","4/30/16","5/23/16","KL","-0.5",12,1,0,NA,2014,"Y",12827,"7/2/14","8/15/18",2,120,1505,0,0,1.033694143,0,1.680434783,2016,0.026193212,1.302466461,0,273,0,"no",1505,0,-0.302483835,0.129738541
20944,0,1,2,1,4,8129,4,2017,"5/14/17","5/16/17","6/12/17","SU","J.5",2.5,1,0,NA,2014,"Y",19611,"6/23/14","8/15/17",3,134,1149,1,1,1.848046368,2.454545455,1.373148148,2017,-0.45468846,0.241977727,2.454545455,420,0,"no",1149,0,0.941763647,-0.406761676
20948,0,NA,NA,NA,NA,NA,NA,NA,NA,NA,NA,NA,NA,NA,NA,NA,NA,NA,NA,NA,NA,NA,NA,NA,NA,NA,NA,NA,NA,NA,NA,NA,NA,NA,NA,0,"yes",2281,0,NA,NA
20967,100,NA,NA,NA,NA,NA,NA,NA,NA,NA,NA,NA,NA,NA,NA,NA,NA,NA,NA,NA,NA,NA,NA,NA,NA,NA,NA,NA,NA,NA,NA,NA,NA,NA,NA,0,"no",1436,1,NA,NA
20977,50,2,2,0,4,7815,4,2017,"5/10/17","5/16/17","6/5/17","AG","0.5",18.5,1,1,NA,2014,"Y",NA,"7/9/14","5/23/18",3,130,1414,0,0,1.560041512,0,1.2975,2017,-0.916017737,1.133934561,0,412,0,"no",1414,1,0.874049498,-0.00740056
20995,50,2,2,0,4,7816,4,2017,"5/8/17","5/8/17","6/5/17","KL","J.0",11,1,0,NA,2014,"Y",12625,"7/7/14","9/30/17",3,128,1181,0,0,1.704409865,0,1.330357143,2017,-0.537556833,-0.397160517,0,242,0,"no",1181,0,-0.564876161,-0.358536938
21003,100,1,2,0,2,8144,2,2017,"5/21/17","5/24/17",NA,"SU","C.5",5.5,1,0,NA,2014,"Y",11576,"7/9/14","5/23/17",3,141,1049,0,0,-0.849102385,0,NA,2017,NA,0.835923057,0,143,0,"no",1049,0,-1.40283875,-0.557463985
21022,50,2,5,1,14,7818,3,2017,"5/19/17","5/22/17","6/13/17","KL","F.0",8,1,0,NA,2014,"Y",19257,"7/14/14","10/1/19",3,139,1905,0,0,0.233938609,0,0.565151515,2017,-2.989414888,0.782138196,0,247.5,0,"yes",1905,0,-0.518322683,0.732547773
21029,100,NA,NA,NA,NA,NA,NA,NA,NA,NA,NA,NA,NA,NA,NA,NA,NA,NA,NA,NA,NA,NA,NA,NA,NA,NA,NA,NA,NA,NA,NA,NA,NA,NA,NA,0,"yes",2222,0,NA,NA
21058,0,1,2,0,3,7927,3,2017,"5/13/17","5/14/17","6/7/17","SU","G.0",4,1,0,NA,2014,"Y",13130,"7/13/14","6/3/17",3,133,1056,0,0,0.499471991,0,1.31875,2017,-0.662405769,0.157128394,0,420,0,"no",1056,0,0.941763647,-0.546914823
21075,66.66666667,NA,NA,NA,NA,NA,NA,NA,NA,NA,NA,NA,NA,NA,NA,NA,NA,NA,NA,NA,NA,NA,NA,NA,NA,NA,NA,NA,NA,NA,NA,NA,NA,NA,NA,0,"no",1472,0,NA,NA
21100,0,1,1,0,5,6154,3,2015,"3/28/15","3/29/15","4/23/15","SU","-2",16,1,0,NA,2014,"Y",NA,"7/22/14","9/17/16",1,87,788,0,0,0.059172634,0,1.558,2015,-1.184534766,0.423719989,0,420,0,"no",788,0,0.941763647,-0.950797009
21128,100,1,2,1,2,7929,2,2017,"5/13/17","5/23/17","6/15/17","AG","I.5",21.5,1,1,NA,2014,"Y",12535,"7/1/14","7/12/17",3,133,1107,1,1,-1.293692961,1.5625,2.07173913,2017,0.820554034,1.331713845,1.5625,300,0,"no",1107,1,-0.073948583,-0.470056646
21137,0,1,2,0,4,7930,4,2017,"4/29/17","4/30/17","5/24/17","KL","-2.5",4,1,0,NA,2014,"Y",NA,"7/28/14","5/29/17",3,119,1036,0,0,1.704409865,0,1.605555556,2017,0.344228952,-1.362041282,0,420,0,"no",1036,0,0.941763647,-0.577055285
21153,33.33333333,2,3,0,8,7821,3,2017,"4/11/17","4/11/17",NA,"AG","G.5",8.5,1,1,NA,2014,"Y",NA,"7/29/14","7/19/18",3,101,1451,0,0,0.133174275,0,NA,2017,NA,-0.77793185,0,406.6666667,0,"no",1451,1,0.828906732,0.048359294
21155,33.33333333,2,4,1,11,6644,2,2016,"4/3/16",NA,"4/30/16","KL","C.5",0.5,1,0,NA,2014,"Y",12012,"7/30/14","6/25/19",2,94,1791,0,0,-0.477089605,0,NA,2016,NA,-1.99711524,0,315.3333333,0,"yes",1791,0,0.055836869,0.560747142
21169,33.33333333,NA,NA,NA,NA,NA,NA,NA,NA,NA,NA,NA,NA,NA,NA,NA,NA,NA,NA,NA,NA,NA,NA,NA,NA,NA,NA,NA,NA,NA,NA,NA,NA,NA,NA,0,"no",1519,0,NA,NA
21199,50,2,2,0,2,8047,2,2017,"5/14/17","5/18/17","6/15/17","KL","K.5",20,1,0,NA,2014,"Y",NA,"8/4/14","6/12/17",3,134,1043,0,0,-1.236532647,0,1.539285714,2017,0.131888323,0.246093326,0,401,0,"no",1043,0,0.780942544,-0.566506123
21215,0,NA,NA,NA,NA,NA,NA,NA,NA,NA,NA,NA,NA,NA,NA,NA,NA,NA,NA,NA,NA,NA,NA,NA,NA,NA,NA,NA,NA,NA,NA,NA,NA,NA,NA,0,"yes",2111,0,NA,NA
21227,100,2,2,1,3,7825,3,2017,"5/2/17","5/4/17","5/27/17","KL","K.5",15.5,1,0,NA,2014,"Y",NA,"8/7/14","6/30/17",3,122,1058,1,1,0.233938609,2.444444444,1.630434783,2017,0.423946522,-1.04041436,2.444444444,107,0,"no",1058,0,-1.707552419,-0.543900777
21246,66.66666667,2,3,3,8,6650,2,2016,"4/16/16","4/17/16","5/16/16","AG","L.5",22,1,1,NA,2014,"Y",NA,"8/12/14","7/10/19",2,107,1793,1,1,-1.320264749,2.3125,1.867241379,2016,0.393437222,1.14236113,2.3125,221.5,0,"no",1793,1,-0.738393667,0.563761188
21263,0,1,1,0,2,6652,2,2016,"4/17/16","4/26/16","5/11/16","JO","I.0",20,1,1,NA,2013,"N",NA,"8/13/14","6/9/16",3,108,666,0,0,-1.073224857,0,1.78,2016,1.403349562,0.273773821,0,420,0,"no",666,0,0.941763647,-1.134653825
21273,100,NA,NA,NA,NA,NA,NA,NA,NA,NA,NA,NA,NA,NA,NA,NA,NA,NA,NA,NA,NA,NA,NA,NA,NA,NA,NA,NA,NA,NA,NA,NA,NA,NA,NA,0,"no",1459,0,NA,NA
21294,50,2,1,1,2,6655,2,2016,"4/24/16","4/26/16","5/21/16","KL","A.0",15.5,1,0,NA,2014,"Y",NA,"8/28/14","6/2/19",2,115,1739,1,1,-0.477089605,5.428571429,2.012,2016,0.922009474,0.667931519,5.428571429,259.5,0,"no",1739,0,-0.416751461,0.482381942
21342,50,2,5,1,13,7828,3,2017,"5/13/17","5/15/17","6/7/17","KL","-1.5",8.5,1,0,NA,2014,"Y",NA,"9/29/14","7/7/20",3,133,2108,1,1,0.233938609,2.444444444,1.645652174,2017,0.472705813,0.138884353,2.444444444,303.5,0,"yes",2108,0,-0.044323643,1.038473459
21350,0,1,4,1,15,6658,1,2016,"4/22/16","4/27/16","5/18/16","KL","F.0",6.5,1,0,NA,2014,"N",NA,"1/28/15","9/13/19",2,113,1688,0,0,-1.987873352,0,1.99047619,2016,0.863856876,0.414117541,0,420,0,"yes",1688,0,0.941763647,0.405523765
21354,100,1,4,0,14,7831,4,2017,"4/4/17","4/4/17",NA,"AG","R.5",16,1,1,NA,2014,"N",NA,"3/2/15","8/19/19",3,94,1630,0,0,1.560041512,0,NA,2017,NA,-1.239416846,0,250,0,"yes",1630,1,-0.497162012,0.318116426
21359,0,1,1,0,5,6110,2,2015,"3/7/15","3/22/15",NA,"KL","E.0",13,1,0,NA,2014,"N",NA,"3/3/15","9/28/16",1,66,574,0,0,-0.975756674,0,NA,2015,NA,-1.279367304,0,420,0,"no",574,0,0.941763647,-1.273299948
21364,100,1,2,0,2,8107,2,2017,"5/6/17","5/6/17",NA,"SU","D.5",17.5,1,0,NA,2014,"N",NA,"3/4/15","5/15/17",3,126,802,0,0,-0.849102385,0,NA,2017,NA,-0.436816936,0,65,0,"no",802,0,-2.063051699,-0.929698686
21366,50,2,2,1,2,7933,2,2017,"5/20/17","5/21/17","6/21/17","KL","-2",7,1,0,NA,2014,"N",NA,"3/3/15","9/30/17",3,140,941,1,1,-1.236532647,2.444444444,1.912903226,2017,1.329026807,0.88934717,2.444444444,350,0,"no",941,0,0.349264846,-0.720222477
21382,50,2,3,0,9,6141,4,2015,"3/25/15","3/28/15","4/19/15","KL","-3",12,1,0,NA,2014,"N",NA,"3/8/15","6/30/18",1,84,1209,0,0,1.246800195,0,1.982954545,2015,0.305015027,0.140441824,0,240,0,"no",1209,0,-0.581804698,-0.316340291
21396,25,2,2,0,6,6665,3,2016,"4/30/16","4/30/16","5/25/16","KL","C.0",8.5,1,0,NA,2014,"N",NA,"3/10/15","6/8/17",2,121,821,0,0,1.033694143,0,1.317333333,2016,-0.954827009,1.42937345,0,376.5,0,"no",821,0,0.573567963,-0.901065247
21414,0,1,1,0,5,6226,2,2015,"4/2/15","4/8/15",NA,"JO","0",1,1,1,NA,2014,"N",NA,"3/14/15","4/2/16",1,92,385,0,0,-0.937436867,NA,NA,2015,NA,0.941824715,NA,420,0,"no",385,1,0.941763647,-1.558127311
21465,33.33333333,3,4,1,13,7038,3,2016,"4/7/16","4/9/16","5/1/16","JO","Q.0",4,1,15,NA,2014,"N",NA,"3/18/15","8/31/19",2,98,1627,0,0,0.378785244,0,1.451515152,2016,-0.036283635,-0.554752216,0,376.1666667,0,"yes",1627,15,0.57074654,0.313595357
21488,0,NA,NA,NA,NA,NA,NA,NA,NA,NA,NA,NA,NA,NA,NA,NA,NA,NA,NA,NA,NA,NA,NA,NA,NA,NA,NA,NA,NA,NA,NA,NA,NA,NA,NA,0,"no",1523,0,NA,NA
21492,0,NA,NA,NA,NA,NA,NA,NA,NA,NA,NA,NA,NA,NA,NA,NA,NA,NA,NA,NA,NA,NA,NA,NA,NA,NA,NA,NA,NA,NA,NA,NA,NA,NA,NA,0,"no",1180,0,NA,NA
21578,50,2,4,1,6,8138,2,2017,"5/14/17","5/16/17","6/12/17","KL","C.0",2.5,1,0,NA,2015,"Y",11256,"3/24/15","10/1/19",2,134,1652,0,0,-1.236532647,0,1.753703704,2017,0.818922573,0.246093326,0,362.5,0,"yes",1652,0,0.455068203,0.351270934
21583,50,NA,NA,NA,NA,NA,NA,NA,NA,NA,NA,NA,NA,NA,NA,NA,NA,NA,NA,NA,NA,NA,NA,NA,NA,NA,NA,NA,NA,NA,NA,NA,NA,NA,NA,0,"no",1203,1,NA,NA
21683,50,2,1,1,5,6186,2,2015,"3/25/15","4/1/15",NA,"JO","T.0",13,1,1,NA,2014,"N",NA,"3/30/15","7/5/16",1,84,463,0,0,-0.937436867,NA,NA,2015,NA,-0.003940689,NA,390,0,"no",463,1,0.687835589,-1.44057951
21783,100,NA,NA,NA,NA,NA,NA,NA,NA,NA,NA,NA,NA,NA,NA,NA,NA,NA,NA,NA,NA,NA,NA,NA,NA,NA,NA,NA,NA,NA,NA,NA,NA,NA,NA,0,"no",1656,1,NA,NA
21867,33.33333333,NA,NA,NA,NA,NA,NA,NA,NA,NA,NA,NA,NA,NA,NA,NA,NA,NA,NA,NA,NA,NA,NA,NA,NA,NA,NA,NA,NA,NA,NA,NA,NA,NA,NA,0,"no",1150,0,NA,NA
21895,66.66666667,NA,NA,NA,NA,NA,NA,NA,NA,NA,NA,NA,NA,NA,NA,NA,NA,NA,NA,NA,NA,NA,NA,NA,NA,NA,NA,NA,NA,NA,NA,NA,NA,NA,NA,0,"no",1191,0,NA,NA
21904,100,2,3,1,5,7841,3,2017,"5/6/17","5/6/17","5/31/17","AG","U.0",-1,1,1,NA,2014,"N",NA,"4/20/15","9/17/18",3,126,1246,1,1,0.133174275,1.5625,1.717333333,2017,0.025643162,0.870228849,1.5625,77,0,"no",1246,1,-1.961480476,-0.260580437
21907,50,2,3,1,6,7938,3,2017,"5/13/17","5/16/17","6/7/17","SU","-2.5",20,1,0,NA,2014,"N",NA,"4/27/15","6/23/18",3,133,1153,1,1,0.499471991,2.454545455,1.336363636,2017,-0.595148753,0.157128394,2.454545455,329,0,"no",1153,0,0.171515206,-0.400733584
21908,100,1,2,0,3,8052,3,2017,"5/9/17","5/11/17",NA,"SU","T.0",3,1,0,NA,2014,"N",NA,"4/30/15","5/17/17",3,129,748,0,0,0.499471991,0,NA,2017,NA,-0.182268937,0,347,0,"no",748,0,0.32387204,-1.011077932
21910,50,3,2,0,5,6684,2,2016,"4/16/16","4/17/16","5/12/16","KL","C.0",17.5,1,0,NA,2014,"N",NA,"4/28/15","6/14/17",2,107,778,0,0,-0.477089605,0,1.794,2016,0.333021441,-0.34732439,0,297.25,0,"no",778,0,-0.097225322,-0.96586724
21921,0,1,2,0,5,7844,3,2017,"4/30/17","5/25/17",NA,"SU","T.0",11,1,0,NA,2014,"N",NA,"5/9/15","6/29/18",3,120,1147,0,0,0.499471991,0,NA,2017,NA,-0.945912932,0,420,0,"no",1147,0,0.941763647,-0.409775723
21924,0,1,2,1,5,8123,3,2017,"5/3/17","5/7/17","5/28/17","AG","K.0",23,1,1,NA,2014,"N",NA,"5/11/15","6/11/18",3,123,1127,1,1,0.133174275,1.5625,1.804761905,2017,0.221740186,0.672449565,1.5625,420,0,"no",1127,1,0.941763647,-0.439916184
21934,0,1,1,0,2,7939,2,2017,"5/3/17","5/4/17",NA,"BT","B.5",4,1,14,NA,2014,"N",NA,"5/11/15","5/15/19",3,123,1465,0,0,-0.846452117,0,NA,2017,NA,-1.195956143,0,420,0,"no",1465,0,0.941763647,0.069457617
21935,0,1,0,0,3,6686,3,2016,"4/25/16","5/4/16","5/21/16","BT","D.0",3.5,1,0,NA,2014,"N",NA,"5/11/15","8/15/16",2,116,462,0,0,0.61177529,0,1.996078431,2016,1.072832422,1.280389077,0,420,0,"no",462,0,0.941763647,-1.442086533
21941,0,1,2,0,1,7940,1,2017,"5/21/17","5/30/17","6/14/17","BT","A.0",2.5,1,0,NA,2014,"N",NA,"5/16/15","5/16/18",3,141,1096,0,0,-1.95335104,0,2.033333333,2017,1.54731488,0.792970921,0,420,0,"no",1096,0,0.941763647,-0.4866339
21943,0,1,0,0,3,7004,3,2016,"4/22/16","5/2/16","5/21/16","BT","B.0",3.5,1,0,NA,2014,"N",NA,"5/16/15","6/2/16",2,113,383,0,0,0.61177529,0,1.605263158,2016,-0.518176667,0.900493417,0,420,0,"no",383,0,0.941763647,-1.561141357
21944,0,1,4,3,4,9120,4,2019,"6/21/19","6/26/19","7/18/19","BT","C.0",2.5,1,18,NA,2014,"N",NA,"5/16/15","10/1/19",5,172,1599,3,3,1.224744871,1.8,1.483333333,2019,-0.707106781,0.277350098,1.8,420,1,"yes",1599,0,0.941763647,0.27139871
21948,0,1,1,0,5,7029,1,2016,"4/3/16","4/3/16","4/28/16","BT","N.0",4.5,1,16,NA,2014,"N",NA,"5/16/15","4/29/17",2,94,714,0,0,-2.141213516,0,NA,2016,NA,-1.505512431,0,420,0,"no",714,16,0.941763647,-1.062316717
21950,50,2,0,0,2,6690,2,2016,"4/17/16","5/2/16","5/15/16","BT","O.5",3,1,0,NA,2014,"N",NA,"5/16/15","8/15/16",2,108,457,0,0,-0.764719113,0,1.692307692,2016,-0.163818343,0.267333983,0,283.5,0,"no",457,0,-0.213609015,-1.449621649
21952,50,3,1,1,5,6692,3,2016,"4/7/16","4/9/16","5/2/16","BT","J.5",1,1,15,NA,2014,"N",NA,"5/19/15","7/15/17",2,98,788,1,1,0.61177529,9,1.795652174,2016,0.256897071,-0.998984884,9,346.5,0,"no",788,15,0.319639906,-0.950797009
21953,0,1,1,0,3,8136,3,2017,"5/10/17","5/15/17","6/8/17","BT","B.0",1.5,1,15,NA,2014,"N",NA,"5/19/15","6/5/19",3,130,1478,0,0,0.260446805,0,1.293055556,2017,-0.831698064,-0.422484507,0,420,0,"no",1478,0,0.941763647,0.089048917
21967,0,NA,NA,NA,NA,NA,NA,NA,NA,NA,NA,NA,NA,NA,NA,NA,NA,NA,NA,NA,NA,NA,NA,NA,NA,NA,NA,NA,NA,NA,NA,NA,NA,NA,NA,0,"no",1184,NA,NA,NA
21969,0,1,1,1,2,7846,2,2017,"5/14/17","5/18/17","6/14/17","BT","L.0",3,1,0,NA,2014,"N",NA,"5/19/15","8/15/18",3,134,1184,1,1,-0.846452117,3.4,1.809259259,2017,0.827213401,0.019499285,3.4,420,0,"no",1184,0,0.941763647,-0.354015869
21970,50,3,3,0,6,7944,3,2017,"5/18/17","5/24/17","6/13/17","BT","P.0",2,1,15,NA,2014,"N",NA,"5/19/15","7/10/18",3,138,1148,0,0,0.260446805,0,1.306666667,2017,-0.787956362,0.461483077,0,366.5,0,"no",1148,0,0.488925278,-0.408268699
21974,0,1,1,1,3,7945,3,2017,"5/19/17","5/27/17","6/14/17","BT","T.0",0.5,1,0,NA,2014,"N",NA,"5/28/15","4/29/18",3,139,1067,1,1,0.260446805,3.4,1.733333333,2017,0.583212074,0.571979025,3.4,420,0,"no",1067,0,0.941763647,-0.530337569
21984,75,4,2,1,8,6700,3,2016,"4/20/16","4/22/16","5/17/16","SU","U.0",1,1,0,NA,2014,"N",NA,"6/4/15","9/29/18",2,111,1213,1,1,0.755449448,2.111111111,1.845333333,2016,-0.065943103,0.127609639,2.111111111,306,0,"no",1213,0,-0.023162972,-0.310312199
21998,50,3,2,0,6,7847,3,2017,"5/3/17","5/4/17","5/30/17","JO","N.5",7,1,14,NA,2014,"N",NA,"7/22/15","6/23/18",3,123,1067,0,0,0.79140906,0,1.687179487,2017,1.355008319,-0.591098249,0,357.5,0,"no",1067,0,0.41274686,-0.530337569
22002,50,NA,NA,NA,NA,NA,NA,NA,NA,NA,NA,NA,NA,NA,NA,NA,NA,NA,NA,NA,NA,NA,NA,NA,NA,NA,NA,NA,NA,NA,NA,NA,NA,NA,NA,0,"no",1014,1,NA,NA
22005,100,2,2,0,5,7849,2,2017,"4/23/17","4/24/17","5/23/17","AG","A.0",2,1,1,NA,2014,"N",NA,"8/9/15","6/10/18",3,113,1036,0,0,-1.293692961,0,2.227586207,2017,1.170109647,0.013185286,0,146,0,"no",1036,1,-1.377445944,-0.577055285
22007,100,2,1,0,4,8057,4,2017,"5/4/17","5/6/17","5/29/17","AG","T.5",16,1,1,NA,2014,"N",NA,"8/9/15","5/22/18",3,124,1017,0,0,1.560041512,0,1.126086957,2017,-1.300486877,0.738375993,0,232.5,0,"no",1017,1,-0.645286712,-0.605688723
22008,50,2,3,1,7,7850,3,2017,"5/4/17","5/6/17","5/31/17","KL","-5",9,1,0,NA,2014,"N",NA,"7/5/15","8/15/19",3,124,1502,1,1,0.233938609,2.444444444,1.665333333,2017,0.535767828,-0.825996413,2.444444444,332.5,0,"yes",1502,0,0.201140146,0.125217471
22013,0,1,2,0,3,8058,3,2017,"4/26/17","5/2/17",NA,"AG","C.0",17.5,1,1,NA,2014,"N",NA,"2/26/15","5/15/17",3,116,808,0,0,0.133174275,0,NA,2017,NA,0.210964569,0,420,0,"no",808,1,0.941763647,-0.920656547
22016,25,NA,NA,NA,NA,NA,NA,NA,NA,NA,NA,NA,NA,NA,NA,NA,NA,NA,NA,NA,NA,NA,NA,NA,NA,NA,NA,NA,NA,NA,NA,NA,NA,NA,NA,0,"no",850,0,NA,NA
22018,50,2,1,2,3,7853,3,2017,"4/8/17","4/9/17","5/3/17","AG","N.0",5,1,1,NA,2015,"N",NA,"3/6/16","9/18/18",2,98,925,2,2,0.133174275,3.125,1.763888889,2017,0.130064471,-0.975711134,3.125,245,0,"no",925,1,-0.539483355,-0.744334847
22024,50,2,2,0,6,7854,3,2017,"5/5/17","5/8/17","5/30/17","AG","D.0",7,1,1,NA,2015,"N",NA,"3/9/16","6/11/18",2,125,823,0,0,0.133174275,0,1.842424242,2017,0.306214542,0.804302421,0,320,0,"no",823,1,0.095336789,-0.898051201
22028,33.33333333,NA,NA,NA,NA,NA,NA,NA,NA,NA,NA,NA,NA,NA,NA,NA,NA,NA,NA,NA,NA,NA,NA,NA,NA,NA,NA,NA,NA,NA,NA,NA,NA,NA,NA,0,"yes",1194,NA,NA,NA
22031,50,2,1,1,1,7949,1,2017,"5/19/17","6/5/17","6/13/17","BT","I.5",5,1,0,NA,2015,"N",NA,"3/9/16","8/15/17",2,139,523,1,1,-1.95335104,3.4,1.8375,2017,0.917969993,0.571979025,3.4,414,0,"no",523,0,0.890978035,-1.350158125
22035,0,1,1,0,2,7855,2,2017,"5/13/17","5/13/17","6/7/17","AG","M.5",7,2,1,NA,2015,"N",NA,"3/10/16","6/10/17",2,133,456,0,0,-1.293692961,0,1.334,2017,-0.834150434,1.331713845,0,420,0,"no",456,1,0.941763647,-1.451128672
22059,50,2,1,1,3,7950,3,2017,"4/29/17","5/7/17","5/23/17","AG","I.0",20,1,1,NA,2015,"N",NA,"3/9/16","6/11/18",2,119,823,1,1,0.133174275,1.5625,1.827083333,2017,0.271805806,0.408743853,1.5625,280.5,0,"no",823,1,-0.23900182,-0.898051201
22076,66.66666667,2,1,1,6,6970,3,2016,"4/11/16","4/26/16","5/9/16","AG","0",19,1,1,NA,2015,"N",NA,"3/19/16","6/4/18",1,102,807,0,0,0.24754964,0,1.194871795,2016,-1.250169827,0.748076038,0,361,0,"no",807,1,0.4423718,-0.92216357
22080,0,1,0,0,3,6971,3,2016,"4/11/16","4/12/16",NA,"JO","L.5",12.5,1,14,NA,2015,"N",NA,"3/19/16","4/27/16",1,102,39,0,0,0.378785244,0,NA,2016,NA,-0.223341801,0,420,0,"no",39,14,0.941763647,-2.079557297
22087,100,1,1,0,3,7858,3,2017,"4/27/17","4/27/17","5/22/17","AG","S.0",0,1,1,NA,2016,"Y",19353,"3/20/16","7/20/17",1,117,487,0,0,0.133174275,0,1.588,2017,-0.264443721,0.276890997,0,139,0,"no",487,1,-1.436695824,-1.404410956
22096,0,1,1,0,2,7859,2,2017,"4/24/17","4/25/17",NA,"AG","S.0",20.5,1,1,NA,2016,"Y",13257,"3/15/16","7/10/17",1,114,482,0,0,-1.293692961,0,NA,2017,NA,0.079111714,0,420,0,"no",482,1,0.941763647,-1.411946072
22101,0,1,3,2,3,9125,3,2019,"6/23/19","6/27/19","7/20/19","BT","B.5",3,1,18,NA,2015,"N",NA,"3/24/16","3/25/20",4,174,1462,2,2,0,1.2,1.65942029,2019,0.707106781,0.832050294,1.2,420,1,"yes",1462,0,0.941763647,0.064936548
22108,0,1,1,1,2,8035,2,2017,"4/21/17","4/25/17","5/16/17","AG","A.0",18,1,1,NA,2015,"N",NA,"3/25/16","5/11/19",2,111,1142,1,1,-1.293692961,1.5625,2.283333333,2017,1.295147097,-0.11866757,1.5625,420,0,"no",1142,1,0.941763647,-0.417310838
22112,0,1,1,0,3,8146,3,2017,"6/8/17","6/10/17","7/4/17","BT","H.0",4.5,2,15,NA,2015,"N",NA,"3/25/16","7/15/17",2,159,477,0,0,0.260446805,0,1.423611111,2017,-0.412134805,2.781897984,0,420,0,"no",477,0,0.941763647,-1.419481187
22117,100,NA,NA,NA,NA,NA,NA,NA,NA,NA,NA,NA,NA,NA,NA,NA,NA,NA,NA,NA,NA,NA,NA,NA,NA,NA,NA,NA,NA,NA,NA,NA,NA,NA,NA,0,"no",795,0,NA,NA
22136,25,2,1,1,5,7040,2,2016,"4/12/16","4/12/16","5/8/16","BT","G.0",3,1,15,NA,2015,"N",NA,"3/30/16","7/15/17",1,103,472,0,0,-0.764719113,0,1.326923077,2016,-1.651299216,-0.365825451,0,382.5,0,"no",472,15,0.624353575,-1.427016303
22144,0,1,2,0,6,7956,3,2017,"5/2/17","5/4/17","5/28/17","AG","E.0",8.5,1,1,NA,2016,"Y",11737,"4/1/16","5/31/18",1,122,790,0,0,0.133174275,0,1.618055556,2017,-0.197030919,0.606523137,0,420,0,"no",790,1,0.941763647,-0.947782963
22165,66.66666667,2,2,0,6,7865,3,2017,"5/11/17","5/18/17","6/5/17","JO","T.0",11,1,14,NA,2015,"N",NA,"4/4/16","8/15/18",2,131,863,0,0,0.79140906,0,0.775,2017,-1.501817063,0.075514754,0,402.6666667,0,"no",863,0,0.795049658,-0.837770278
22166,25,2,1,0,6,7043,3,2016,"4/7/16","4/14/16","5/2/16","BT","I.0",7,1,0,NA,2015,"N",NA,"4/4/16","6/20/17",1,98,442,0,0,0.61177529,0,2.118518519,2016,1.571286052,-0.998984884,0,335.75,0,"no",442,0,0.228649019,-1.472226995
22167,25,2,3,1,9,7044,3,2016,"4/19/16","4/19/16","5/15/16","BT","K.5",8,1,0,NA,2015,"N",NA,"4/4/16","6/20/19",1,110,1172,0,0,0.61177529,0,1.725641026,2016,-0.028118334,0.520597757,0,379.25,0,"yes",1172,0,0.596844702,-0.372100145
22175,50,2,2,0,9,7045,3,2016,"4/22/16","4/24/16","5/18/16","BT","-2.5",0,1,16,NA,2015,"N",NA,"4/6/16","8/15/18",1,113,861,0,0,0.61177529,0,1.6,2016,-0.539602985,0.900493417,0,346,0,"no",861,16,0.315407772,-0.840784324
22189,100,NA,NA,NA,NA,NA,NA,NA,NA,NA,NA,NA,NA,NA,NA,NA,NA,NA,NA,NA,NA,NA,NA,NA,NA,NA,NA,NA,NA,NA,NA,NA,NA,NA,NA,0,"no",803,0,NA,NA
22200,100,NA,NA,NA,NA,NA,NA,NA,NA,NA,NA,NA,NA,NA,NA,NA,NA,NA,NA,NA,NA,NA,NA,NA,NA,NA,NA,NA,NA,NA,NA,NA,NA,NA,NA,0,"yes",1220,1,NA,NA
22230,50,2,1,0,3,7962,3,2017,"5/15/17","5/24/17","6/11/17","BT","K.0",8,1,14,NA,2015,"N",NA,"4/11/16","8/15/17",2,135,491,0,0,0.260446805,0,1.888888889,2017,1.083117233,0.129995233,0,375,0,"no",491,0,0.56087156,-1.398382864
22290,50,NA,NA,NA,NA,NA,NA,NA,NA,NA,NA,NA,NA,NA,NA,NA,NA,NA,NA,NA,NA,NA,NA,NA,NA,NA,NA,NA,NA,NA,NA,NA,NA,NA,NA,1,"yes",1587,0,NA,NA
22388,100,1,0,1,3,7877,3,2017,"4/8/17",NA,"5/14/17","AG","U.5",20,1,1,NA,2015,"N",NA,"4/25/16","6/23/18",2,98,789,1,1,0.133174275,1.5625,NA,2017,NA,-0.975711134,1.5625,11,0,"no",789,1,-2.520122203,-0.949289986
22457,50,2,1,0,2,8848,2,2018,"5/5/18","5/14/18","5/30/18","BT","N.0",4.5,1,18,NA,2015,"N",NA,"5/7/16","8/15/18",3,125,830,0,0,-0.956182887,NA,1.628125,2018,1.038287679,-0.632236803,NA,407.5,0,"no",830,0,0.835960289,-0.887502039
22458,100,2,1,0,4,8142,4,2017,"5/11/17","5/17/17","6/5/17","BT","J.0",5.5,1,15,NA,2015,"N",NA,"5/7/16","9/18/19",2,131,1229,0,0,1.367345728,0,1.540789474,2017,-0.035561511,-0.311988559,0,60.5,0,"no",1229,0,-2.101140908,-0.28619983
22495,0,NA,NA,NA,NA,NA,NA,NA,NA,NA,NA,NA,NA,NA,NA,NA,NA,NA,NA,NA,NA,NA,NA,NA,NA,NA,NA,NA,NA,NA,NA,NA,NA,NA,NA,0,"no",1067,0,NA,NA
22509,0,1,0,0,3,8032,3,2017,"4/20/17","4/24/17","5/15/17","AG","0.5",12.5,1,1,NA,2015,"N",NA,"7/25/16","5/15/18",2,110,659,0,0,0.133174275,0,1.598412698,2017,-0.241088665,-0.184593998,0,420,0,"no",659,1,0.941763647,-1.145202986
22519,100,2,0,0,3,7968,3,2017,"4/18/17","4/18/17","5/14/17","AG","O.0",21,1,1,NA,2015,"N",NA,"8/9/16","3/18/18",2,108,586,0,0,0.133174275,0,1.532692308,2017,-0.388495546,-0.316446854,0,255,0,"no",586,1,-0.454840669,-1.255215671
22541,0,1,2,0,4,9146,4,2019,"6/1/19","6/7/19",NA,"JO","M.0",17,1,19,NA,2016,"N",NA,"3/29/17","6/12/19",3,152,805,0,0,-0.035734346,0,NA,2019,NA,-0.912389123,0,420,1,"yes",805,0,0.941763647,-0.925177616
22543,25,2,2,0,7,8857,3,2018,"4/25/18","4/26/18","5/21/18","JO","R.0",5.5,1,19,NA,2016,"N",NA,"3/30/17","6/30/19",2,115,822,0,0,0.432292813,0,1.849333333,2018,1.090458243,-0.574577953,0,372.5,0,"yes",822,0,0.539710889,-0.899558224
22593,0,1,0,0,4,8067,4,2017,"5/8/17","5/11/17","6/5/17","BT","N.0",6.5,1,15,NA,2016,"N",NA,"4/9/17","6/8/17",1,128,60,0,0,1.367345728,0,1.194666667,2017,-1.147888077,-0.643476403,0,420,0,"no",60,15,0.941763647,-2.047909812
22602,100,NA,NA,NA,NA,NA,NA,NA,NA,NA,NA,NA,NA,NA,NA,NA,NA,NA,NA,NA,NA,NA,NA,NA,NA,NA,NA,NA,NA,NA,NA,NA,NA,NA,NA,1,"yes",854,19,NA,NA
22978,0,NA,NA,NA,NA,NA,NA,NA,NA,NA,NA,NA,NA,NA,NA,NA,NA,NA,NA,NA,NA,NA,NA,NA,NA,NA,NA,NA,NA,NA,NA,NA,NA,NA,NA,1,"yes",1497,0,NA,NA
23072,50,2,0,0,3,8891,3,2018,"5/13/18","5/17/18","6/10/18","JO","F.0",6,1,19,NA,2016,"N",NA,"5/21/17","8/15/18",2,133,451,0,0,0.432292813,0,1.973611111,2018,1.425840213,0.804409134,0,242,0,"no",451,0,-0.564876161,-1.458663787
23196,0,NA,NA,NA,NA,NA,NA,NA,NA,NA,NA,NA,NA,NA,NA,NA,NA,NA,NA,NA,NA,NA,NA,NA,NA,NA,NA,NA,NA,NA,NA,NA,NA,NA,NA,0,"no",420,19,NA,NA
23201,33.33333333,NA,NA,NA,NA,NA,NA,NA,NA,NA,NA,NA,NA,NA,NA,NA,NA,NA,NA,NA,NA,NA,NA,NA,NA,NA,NA,NA,NA,NA,NA,NA,NA,NA,NA,1,"yes",1047,0,NA,NA
23294,0,NA,NA,NA,NA,NA,NA,NA,NA,NA,NA,NA,NA,NA,NA,NA,NA,NA,NA,NA,NA,NA,NA,NA,NA,NA,NA,NA,NA,NA,NA,NA,NA,NA,NA,1,"yes",1876,0,NA,NA
23370,100,1,0,0,2,8983,2,2018,"5/27/18","5/31/18",NA,"JO","A.5",13,1,19,NA,2017,"N",NA,"4/11/18","7/17/18",1,147,97,0,0,-0.778127064,0,NA,2018,NA,1.876954646,0,305,0,"no",97,19,-0.03162724,-1.992149958
23532,100,1,3,0,11,9343,4,2019,"7/27/19","7/29/19","8/25/19","KL","G.0",3.5,2,0,NA,2018,"Y",19702,"4/30/18","6/14/21",1,208,1141,0,0,-0.409966746,0,1.042592593,2019,-0.596660635,0.786443982,0,60,1,"yes",1141,0,-2.105373042,-0.418817861
23787,33.33333333,NA,NA,NA,NA,NA,NA,NA,NA,NA,NA,NA,NA,NA,NA,NA,NA,NA,NA,NA,NA,NA,NA,NA,NA,NA,NA,NA,NA,NA,NA,NA,NA,NA,NA,1,"yes",730,19,NA,NA
23888,100,NA,NA,NA,NA,NA,NA,NA,NA,NA,NA,NA,NA,NA,NA,NA,NA,NA,NA,NA,NA,NA,NA,NA,NA,NA,NA,NA,NA,NA,NA,NA,NA,NA,NA,1,"yes",151,19,NA,NA
23922,0,NA,NA,NA,NA,NA,NA,NA,NA,NA,NA,NA,NA,NA,NA,NA,NA,NA,NA,NA,NA,NA,NA,NA,NA,NA,NA,NA,NA,NA,NA,NA,NA,NA,NA,1,"yes",98,19,NA,NA
24002,0,NA,NA,NA,NA,NA,NA,NA,NA,NA,NA,NA,NA,NA,NA,NA,NA,NA,NA,NA,NA,NA,NA,NA,NA,NA,NA,NA,NA,NA,NA,NA,NA,NA,NA,0,"yes",1213,0,NA,NA
24003,0,NA,NA,NA,NA,NA,NA,NA,NA,NA,NA,NA,NA,NA,NA,NA,NA,NA,NA,NA,NA,NA,NA,NA,NA,NA,NA,NA,NA,NA,NA,NA,NA,NA,NA,0,"yes",1197,0,NA,NA
24256,20,NA,NA,NA,NA,NA,NA,NA,NA,NA,NA,NA,NA,NA,NA,NA,NA,NA,NA,NA,NA,NA,NA,NA,NA,NA,NA,NA,NA,NA,NA,NA,NA,NA,NA,0,"yes",1199,0,NA,NA
24265,0,1,0,0,3,9777,3,2020,"5/2/20","5/4/20","5/28/20","BT","B.0",1.5,1,18,NA,2019,"Y",22101,"6/23/19","6/4/20",1,123,347,0,0,0.182574186,0,1.451388889,2020,-0.556239997,0.793911968,0,420,0,"no",347,18,0.941763647,-1.615394188
24338,0,NA,NA,NA,NA,NA,NA,NA,NA,NA,NA,NA,NA,NA,NA,NA,NA,NA,NA,NA,NA,NA,NA,NA,NA,NA,NA,NA,NA,NA,NA,NA,NA,NA,NA,0,"yes",1179,0,NA,NA
24356,100,NA,NA,NA,NA,NA,NA,NA,NA,NA,NA,NA,NA,NA,NA,NA,NA,NA,NA,NA,NA,NA,NA,NA,NA,NA,NA,NA,NA,NA,NA,NA,NA,NA,NA,0,"no",671,19,NA,NA
24360,100,NA,NA,NA,NA,NA,NA,NA,NA,NA,NA,NA,NA,NA,NA,NA,NA,NA,NA,NA,NA,NA,NA,NA,NA,NA,NA,NA,NA,NA,NA,NA,NA,NA,NA,0,"no",435,19,NA,NA
24383,100,NA,NA,NA,NA,NA,NA,NA,NA,NA,NA,NA,NA,NA,NA,NA,NA,NA,NA,NA,NA,NA,NA,NA,NA,NA,NA,NA,NA,NA,NA,NA,NA,NA,NA,0,"no",816,19,NA,NA
24384,0,NA,NA,NA,NA,NA,NA,NA,NA,NA,NA,NA,NA,NA,NA,NA,NA,NA,NA,NA,NA,NA,NA,NA,NA,NA,NA,NA,NA,NA,NA,NA,NA,NA,NA,0,"no",287,19,NA,NA
24417,100,1,0,0,3,9802,3,2020,"5/7/20","5/12/20","6/1/20","JO","T.5",1,1,19,NA,2019,"Y",23856,"7/18/19","7/11/20",1,128,359,0,0,-0.708776457,0,1.61,2020,-0.484507136,0.970359429,0,180,0,"no",359,19,-1.089660813,-1.597309911
24424,60,NA,NA,NA,NA,NA,NA,NA,NA,NA,NA,NA,NA,NA,NA,NA,NA,NA,NA,NA,NA,NA,NA,NA,NA,NA,NA,NA,NA,NA,NA,NA,NA,NA,NA,0,"yes",1166,0,NA,NA
24431,0,NA,NA,NA,NA,NA,NA,NA,NA,NA,NA,NA,NA,NA,NA,NA,NA,NA,NA,NA,NA,NA,NA,NA,NA,NA,NA,NA,NA,NA,NA,NA,NA,NA,NA,0,"yes",1165,0,NA,NA
24471,33.33333333,NA,NA,NA,NA,NA,NA,NA,NA,NA,NA,NA,NA,NA,NA,NA,NA,NA,NA,NA,NA,NA,NA,NA,NA,NA,NA,NA,NA,NA,NA,NA,NA,NA,NA,0,"yes",1156,0,NA,NA
24506,0,1,1,0,3,9860,3,2021,"5/5/21","5/7/21","5/26/21","KL","-1",14.5,1,0,NA,2019,"Y",20857,"7/28/19","9/26/21",2,125,791,0,0,0.105348308,0,1.377192982,2021,-0.240064353,-0.512576418,0,420,0,"no",791,0,0.941763647,-0.94627594
24525,0,NA,NA,NA,NA,NA,NA,NA,NA,NA,NA,NA,NA,NA,NA,NA,NA,NA,NA,NA,NA,NA,NA,NA,NA,NA,NA,NA,NA,NA,NA,NA,NA,NA,NA,0,"yes",1152,19,NA,NA
24577,0,1,1,2,2,9853,2,2021,"5/17/21","5/20/21","6/13/21","KL","-1",4,1,0,NA,2019,"Y",22865,"8/10/19","7/30/22",2,137,1085,2,2,-1.211505536,4.666666667,1.679166667,2021,0.472232713,0.366126013,4.666666667,420,0,"no",1085,0,0.941763647,-0.503211154
24591,60,NA,NA,NA,NA,NA,NA,NA,NA,NA,NA,NA,NA,NA,NA,NA,NA,NA,NA,NA,NA,NA,NA,NA,NA,NA,NA,NA,NA,NA,NA,NA,NA,NA,NA,0,"yes",1148,0,NA,NA
24609,50,NA,NA,NA,NA,NA,NA,NA,NA,NA,NA,NA,NA,NA,NA,NA,NA,NA,NA,NA,NA,NA,NA,NA,NA,NA,NA,NA,NA,NA,NA,NA,NA,NA,NA,0,"yes",1145,0,NA,NA
24621,0,NA,NA,NA,NA,NA,NA,NA,NA,NA,NA,NA,NA,NA,NA,NA,NA,NA,NA,NA,NA,NA,NA,NA,NA,NA,NA,NA,NA,NA,NA,NA,NA,NA,NA,0,"yes",1124,0,NA,NA
24653,0,1,0,0,3,9766,3,2020,"4/9/20","4/15/20",NA,"JO","G.0",10,1,19,NA,2019,"Y",23201,"8/19/19","4/30/20",1,100,255,0,0,-0.708776457,0,NA,2020,NA,-0.548464025,0,420,0,"no",255,19,0.941763647,-1.754040311
24661,0,1,1,0,3,9866,3,2021,"4/29/21","4/29/21","5/22/21","KL","F.0",3,1,0,NA,2019,"Y",23027,"8/21/19","9/11/21",2,119,752,0,0,0.105348308,0,1.793478261,2021,0.741871484,-0.951927634,0,420,0,"no",752,0,0.941763647,-1.00504984
24692,50,2,1,1,3,9870,3,2021,"5/1/21","5/11/21","5/26/21","JO","0",3,1,19,NA,2019,"Y",20046,"8/31/19","9/12/22",2,121,1108,1,1,0.503952631,2,1.284444444,2021,-0.270721708,-0.586331976,2,270,0,"no",1108,19,-0.32787664,-0.468549623
24704,0,1,0,1,3,9746,3,2020,"4/24/20","5/4/20","5/21/20","BT","I.0",7,1,18,NA,2019,"Y",NA,"8/15/19","9/22/20",1,115,404,1,1,0.182574186,1,1.821568627,2020,1.154446307,0.329183011,1,420,0,"no",404,18,0.941763647,-1.529493872
24709,0,NA,NA,NA,NA,NA,NA,NA,NA,NA,NA,NA,NA,NA,NA,NA,NA,NA,NA,NA,NA,NA,NA,NA,NA,NA,NA,NA,NA,NA,NA,NA,NA,NA,NA,0,"no",645,0,NA,NA
24785,0,1,0,0,3,9804,3,2020,"5/21/20","5/23/20","6/15/20","JO","Q.0",9,1,19,NA,2019,"Y",19729,"9/10/19","3/15/21",1,142,552,0,0,-0.708776457,0,1.444927536,2020,-1.055580032,1.729771156,0,420,0,"no",552,19,0.941763647,-1.306454456
24818,75,NA,NA,NA,NA,NA,NA,NA,NA,NA,NA,NA,NA,NA,NA,NA,NA,NA,NA,NA,NA,NA,NA,NA,NA,NA,NA,NA,NA,NA,NA,NA,NA,NA,NA,0,"yes",1073,0,NA,NA
24824,50,NA,NA,NA,NA,NA,NA,NA,NA,NA,NA,NA,NA,NA,NA,NA,NA,NA,NA,NA,NA,NA,NA,NA,NA,NA,NA,NA,NA,NA,NA,NA,NA,NA,NA,0,"yes",1083,19,NA,NA
24825,0,NA,NA,NA,NA,NA,NA,NA,NA,NA,NA,NA,NA,NA,NA,NA,NA,NA,NA,NA,NA,NA,NA,NA,NA,NA,NA,NA,NA,NA,NA,NA,NA,NA,NA,1,"yes",1084,19,NA,NA
24831,60,NA,NA,NA,NA,NA,NA,NA,NA,NA,NA,NA,NA,NA,NA,NA,NA,NA,NA,NA,NA,NA,NA,NA,NA,NA,NA,NA,NA,NA,NA,NA,NA,NA,NA,0,"yes",1084,18,NA,NA
24855,0,NA,NA,NA,NA,NA,NA,NA,NA,NA,NA,NA,NA,NA,NA,NA,NA,NA,NA,NA,NA,NA,NA,NA,NA,NA,NA,NA,NA,NA,NA,NA,NA,NA,NA,1,"yes",924,19,NA,NA
24897,50,NA,NA,NA,NA,NA,NA,NA,NA,NA,NA,NA,NA,NA,NA,NA,NA,NA,NA,NA,NA,NA,NA,NA,NA,NA,NA,NA,NA,NA,NA,NA,NA,NA,NA,1,"yes",908,19,NA,NA
24915,0,1,0,0,2,9781,2,2020,"5/7/20","5/4/20","5/31/20","JO","D.5",14,1,19,NA,2019,"N",NA,"4/13/20","6/18/20",1,128,66,0,0,-1.98457408,0,1.333333333,2020,-1.44164336,0.970359429,0,420,0,"no",66,19,0.941763647,-2.038867674
24940,0,NA,NA,NA,NA,NA,NA,NA,NA,NA,NA,NA,NA,NA,NA,NA,NA,NA,NA,NA,NA,NA,NA,NA,NA,NA,NA,NA,NA,NA,NA,NA,NA,NA,NA,1,"yes",895,0,NA,NA
24994,100,NA,NA,NA,NA,NA,NA,NA,NA,NA,NA,NA,NA,NA,NA,NA,NA,NA,NA,NA,NA,NA,NA,NA,NA,NA,NA,NA,NA,NA,NA,NA,NA,NA,NA,0,"no",0,19,NA,NA
25015,33.33333333,NA,NA,NA,NA,NA,NA,NA,NA,NA,NA,NA,NA,NA,NA,NA,NA,NA,NA,NA,NA,NA,NA,NA,NA,NA,NA,NA,NA,NA,NA,NA,NA,NA,NA,1,"yes",887,0,NA,NA
25024,33.33333333,NA,NA,NA,NA,NA,NA,NA,NA,NA,NA,NA,NA,NA,NA,NA,NA,NA,NA,NA,NA,NA,NA,NA,NA,NA,NA,NA,NA,NA,NA,NA,NA,NA,NA,0,"no",504,18,NA,NA
25029,0,1,1,1,3,9897,3,2021,"5/25/21","5/26/21","6/21/21","SU","B.5",12.5,1,0,NA,2019,"N",NA,"5/3/20","8/4/21",2,145,458,1,1,NA,5,1.596153846,2021,0.858969664,-0.168784988,5,420,0,"no",458,0,0.941763647,-1.448114626
25033,25,NA,NA,NA,NA,NA,NA,NA,NA,NA,NA,NA,NA,NA,NA,NA,NA,NA,NA,NA,NA,NA,NA,NA,NA,NA,NA,NA,NA,NA,NA,NA,NA,NA,NA,0,"yes",869,18,NA,NA
25047,33.33333333,NA,NA,NA,NA,NA,NA,NA,NA,NA,NA,NA,NA,NA,NA,NA,NA,NA,NA,NA,NA,NA,NA,NA,NA,NA,NA,NA,NA,NA,NA,NA,NA,NA,NA,1,"yes",890,0,NA,NA
25057,0,NA,NA,NA,NA,NA,NA,NA,NA,NA,NA,NA,NA,NA,NA,NA,NA,NA,NA,NA,NA,NA,NA,NA,NA,NA,NA,NA,NA,NA,NA,NA,NA,NA,NA,0,"yes",877,19,NA,NA
25069,0,NA,NA,NA,NA,NA,NA,NA,NA,NA,NA,NA,NA,NA,NA,NA,NA,NA,NA,NA,NA,NA,NA,NA,NA,NA,NA,NA,NA,NA,NA,NA,NA,NA,NA,1,"yes",796,19,NA,NA
25082,0,NA,NA,NA,NA,NA,NA,NA,NA,NA,NA,NA,NA,NA,NA,NA,NA,NA,NA,NA,NA,NA,NA,NA,NA,NA,NA,NA,NA,NA,NA,NA,NA,NA,NA,0,"no",491,0,NA,NA
25101,50,NA,NA,NA,NA,NA,NA,NA,NA,NA,NA,NA,NA,NA,NA,NA,NA,NA,NA,NA,NA,NA,NA,NA,NA,NA,NA,NA,NA,NA,NA,NA,NA,NA,NA,0,"yes",808,18,NA,NA
25102,0,NA,NA,NA,NA,NA,NA,NA,NA,NA,NA,NA,NA,NA,NA,NA,NA,NA,NA,NA,NA,NA,NA,NA,NA,NA,NA,NA,NA,NA,NA,NA,NA,NA,NA,0,"yes",860,18,NA,NA
25107,0,1,1,0,3,9906,3,2021,"6/4/21","6/8/21","6/30/21","SU","-3.5",4,1,0,NA,2019,"N",NA,"5/24/20","7/10/21",2,155,412,0,0,NA,0,1.784848485,2021,1.296336189,1.036822068,0,420,0,"no",412,0,0.941763647,-1.517437687
25119,0,NA,NA,NA,NA,NA,NA,NA,NA,NA,NA,NA,NA,NA,NA,NA,NA,NA,NA,NA,NA,NA,NA,NA,NA,NA,NA,NA,NA,NA,NA,NA,NA,NA,NA,0,"yes",848,0,NA,NA
25140,0,NA,NA,NA,NA,NA,NA,NA,NA,NA,NA,NA,NA,NA,NA,NA,NA,NA,NA,NA,NA,NA,NA,NA,NA,NA,NA,NA,NA,NA,NA,NA,NA,NA,NA,1,"yes",830,19,NA,NA
25150,0,NA,NA,NA,NA,NA,NA,NA,NA,NA,NA,NA,NA,NA,NA,NA,NA,NA,NA,NA,NA,NA,NA,NA,NA,NA,NA,NA,NA,NA,NA,NA,NA,NA,NA,0,"yes",788,0,NA,NA
25156,0,NA,NA,NA,NA,NA,NA,NA,NA,NA,NA,NA,NA,NA,NA,NA,NA,NA,NA,NA,NA,NA,NA,NA,NA,NA,NA,NA,NA,NA,NA,NA,NA,NA,NA,0,"yes",791,0,NA,NA
25164,100,NA,NA,NA,NA,NA,NA,NA,NA,NA,NA,NA,NA,NA,NA,NA,NA,NA,NA,NA,NA,NA,NA,NA,NA,NA,NA,NA,NA,NA,NA,NA,NA,NA,NA,0,"yes",687,19,NA,NA
25173,0,NA,NA,NA,NA,NA,NA,NA,NA,NA,NA,NA,NA,NA,NA,NA,NA,NA,NA,NA,NA,NA,NA,NA,NA,NA,NA,NA,NA,NA,NA,NA,NA,NA,NA,1,"yes",728,NA,NA,NA
25174,0,NA,NA,NA,NA,NA,NA,NA,NA,NA,NA,NA,NA,NA,NA,NA,NA,NA,NA,NA,NA,NA,NA,NA,NA,NA,NA,NA,NA,NA,NA,NA,NA,NA,NA,1,"yes",715,0,NA,NA
25186,25,NA,NA,NA,NA,NA,NA,NA,NA,NA,NA,NA,NA,NA,NA,NA,NA,NA,NA,NA,NA,NA,NA,NA,NA,NA,NA,NA,NA,NA,NA,NA,NA,NA,NA,0,"yes",570,0,NA,NA
25195,0,1,0,0,3,9877,3,2021,"5/12/21","5/12/21",NA,"JO","L.0",11,1,19,NA,2020,"N",NA,"3/15/21","6/15/22",1,132,457,0,0,0.503952631,0,NA,2021,NA,0.143817277,0,420,0,"no",457,19,0.941763647,-1.449621649
25216,0,NA,NA,NA,NA,NA,NA,NA,NA,NA,NA,NA,NA,NA,NA,NA,NA,NA,NA,NA,NA,NA,NA,NA,NA,NA,NA,NA,NA,NA,NA,NA,NA,NA,NA,0,"yes",548,19,NA,NA
25225,33.33333333,NA,NA,NA,NA,NA,NA,NA,NA,NA,NA,NA,NA,NA,NA,NA,NA,NA,NA,NA,NA,NA,NA,NA,NA,NA,NA,NA,NA,NA,NA,NA,NA,NA,NA,1,"yes",529,19,NA,NA
25229,0,NA,NA,NA,NA,NA,NA,NA,NA,NA,NA,NA,NA,NA,NA,NA,NA,NA,NA,NA,NA,NA,NA,NA,NA,NA,NA,NA,NA,NA,NA,NA,NA,NA,NA,1,"yes",518,19,NA,NA
25232,66.66666667,NA,NA,NA,NA,NA,NA,NA,NA,NA,NA,NA,NA,NA,NA,NA,NA,NA,NA,NA,NA,NA,NA,NA,NA,NA,NA,NA,NA,NA,NA,NA,NA,NA,NA,1,"yes",525,19,NA,NA
25235,0,NA,NA,NA,NA,NA,NA,NA,NA,NA,NA,NA,NA,NA,NA,NA,NA,NA,NA,NA,NA,NA,NA,NA,NA,NA,NA,NA,NA,NA,NA,NA,NA,NA,NA,1,"yes",456,0,NA,NA
25239,100,NA,NA,NA,NA,NA,NA,NA,NA,NA,NA,NA,NA,NA,NA,NA,NA,NA,NA,NA,NA,NA,NA,NA,NA,NA,NA,NA,NA,NA,NA,NA,NA,NA,NA,1,"yes",517,0,NA,NA
25245,0,NA,NA,NA,NA,NA,NA,NA,NA,NA,NA,NA,NA,NA,NA,NA,NA,NA,NA,NA,NA,NA,NA,NA,NA,NA,NA,NA,NA,NA,NA,NA,NA,NA,NA,1,"yes",513,0,NA,NA
25275,50,NA,NA,NA,NA,NA,NA,NA,NA,NA,NA,NA,NA,NA,NA,NA,NA,NA,NA,NA,NA,NA,NA,NA,NA,NA,NA,NA,NA,NA,NA,NA,NA,NA,NA,1,"yes",515,0,NA,NA
25289,0,NA,NA,NA,NA,NA,NA,NA,NA,NA,NA,NA,NA,NA,NA,NA,NA,NA,NA,NA,NA,NA,NA,NA,NA,NA,NA,NA,NA,NA,NA,NA,NA,NA,NA,1,"yes",508,19,NA,NA
25290,0,NA,NA,NA,NA,NA,NA,NA,NA,NA,NA,NA,NA,NA,NA,NA,NA,NA,NA,NA,NA,NA,NA,NA,NA,NA,NA,NA,NA,NA,NA,NA,NA,NA,NA,1,"yes",496,0,NA,NA
25302,0,NA,NA,NA,NA,NA,NA,NA,NA,NA,NA,NA,NA,NA,NA,NA,NA,NA,NA,NA,NA,NA,NA,NA,NA,NA,NA,NA,NA,NA,NA,NA,NA,NA,NA,1,"yes",443,0,NA,NA
25314,33.33333333,NA,NA,NA,NA,NA,NA,NA,NA,NA,NA,NA,NA,NA,NA,NA,NA,NA,NA,NA,NA,NA,NA,NA,NA,NA,NA,NA,NA,NA,NA,NA,NA,NA,NA,1,"yes",498,19,NA,NA
25320,0,NA,NA,NA,NA,NA,NA,NA,NA,NA,NA,NA,NA,NA,NA,NA,NA,NA,NA,NA,NA,NA,NA,NA,NA,NA,NA,NA,NA,NA,NA,NA,NA,NA,NA,1,"yes",486,0,NA,NA
25342,0,NA,NA,NA,NA,NA,NA,NA,NA,NA,NA,NA,NA,NA,NA,NA,NA,NA,NA,NA,NA,NA,NA,NA,NA,NA,NA,NA,NA,NA,NA,NA,NA,NA,NA,1,"yes",494,0,NA,NA
25366,33.33333333,NA,NA,NA,NA,NA,NA,NA,NA,NA,NA,NA,NA,NA,NA,NA,NA,NA,NA,NA,NA,NA,NA,NA,NA,NA,NA,NA,NA,NA,NA,NA,NA,NA,NA,1,"yes",443,19,NA,NA
25386,33.33333333,NA,NA,NA,NA,NA,NA,NA,NA,NA,NA,NA,NA,NA,NA,NA,NA,NA,NA,NA,NA,NA,NA,NA,NA,NA,NA,NA,NA,NA,NA,NA,NA,NA,NA,1,"yes",460,0,NA,NA
25399,0,NA,NA,NA,NA,NA,NA,NA,NA,NA,NA,NA,NA,NA,NA,NA,NA,NA,NA,NA,NA,NA,NA,NA,NA,NA,NA,NA,NA,NA,NA,NA,NA,NA,NA,1,"yes",374,19,NA,NA
25400,66.66666667,NA,NA,NA,NA,NA,NA,NA,NA,NA,NA,NA,NA,NA,NA,NA,NA,NA,NA,NA,NA,NA,NA,NA,NA,NA,NA,NA,NA,NA,NA,NA,NA,NA,NA,1,"yes",440,0,NA,NA
25406,0,NA,NA,NA,NA,NA,NA,NA,NA,NA,NA,NA,NA,NA,NA,NA,NA,NA,NA,NA,NA,NA,NA,NA,NA,NA,NA,NA,NA,NA,NA,NA,NA,NA,NA,1,"yes",347,0,NA,NA
25409,100,NA,NA,NA,NA,NA,NA,NA,NA,NA,NA,NA,NA,NA,NA,NA,NA,NA,NA,NA,NA,NA,NA,NA,NA,NA,NA,NA,NA,NA,NA,NA,NA,NA,NA,1,"yes",392,0,NA,NA
25424,0,NA,NA,NA,NA,NA,NA,NA,NA,NA,NA,NA,NA,NA,NA,NA,NA,NA,NA,NA,NA,NA,NA,NA,NA,NA,NA,NA,NA,NA,NA,NA,NA,NA,NA,1,"yes",144,0,NA,NA
25432,0,NA,NA,NA,NA,NA,NA,NA,NA,NA,NA,NA,NA,NA,NA,NA,NA,NA,NA,NA,NA,NA,NA,NA,NA,NA,NA,NA,NA,NA,NA,NA,NA,NA,NA,1,"yes",170,19,NA,NA
25435,0,NA,NA,NA,NA,NA,NA,NA,NA,NA,NA,NA,NA,NA,NA,NA,NA,NA,NA,NA,NA,NA,NA,NA,NA,NA,NA,NA,NA,NA,NA,NA,NA,NA,NA,1,"yes",168,0,NA,NA
25439,0,NA,NA,NA,NA,NA,NA,NA,NA,NA,NA,NA,NA,NA,NA,NA,NA,NA,NA,NA,NA,NA,NA,NA,NA,NA,NA,NA,NA,NA,NA,NA,NA,NA,NA,1,"yes",113,0,NA,NA
25450,0,NA,NA,NA,NA,NA,NA,NA,NA,NA,NA,NA,NA,NA,NA,NA,NA,NA,NA,NA,NA,NA,NA,NA,NA,NA,NA,NA,NA,NA,NA,NA,NA,NA,NA,1,"yes",148,0,NA,NA
25456,0,NA,NA,NA,NA,NA,NA,NA,NA,NA,NA,NA,NA,NA,NA,NA,NA,NA,NA,NA,NA,NA,NA,NA,NA,NA,NA,NA,NA,NA,NA,NA,NA,NA,NA,1,"yes",133,0,NA,NA
25457,0,NA,NA,NA,NA,NA,NA,NA,NA,NA,NA,NA,NA,NA,NA,NA,NA,NA,NA,NA,NA,NA,NA,NA,NA,NA,NA,NA,NA,NA,NA,NA,NA,NA,NA,1,"yes",145,0,NA,NA
25486,33.33333333,NA,NA,NA,NA,NA,NA,NA,NA,NA,NA,NA,NA,NA,NA,NA,NA,NA,NA,NA,NA,NA,NA,NA,NA,NA,NA,NA,NA,NA,NA,NA,NA,NA,NA,1,"yes",118,0,NA,NA
